gender,SeniorCitizen,Partner,Dependents,tenure,PhoneService,MultipleLines,OnlineSecurity,OnlineBackup,DeviceProtection,TechSupport,StreamingTV,StreamingMovies,PaperlessBilling,MonthlyCharges,TotalCharges,Churn,InternetService_DSL,InternetService_Fiber optic,InternetService_No,Contract_Month-to-month,Contract_One year,Contract_Two year,PaymentMethod_Bank transfer (automatic),PaymentMethod_Credit card (automatic),PaymentMethod_Electronic check,PaymentMethod_Mailed check
1,1,1,0,1.1643896396487294,1,1,0,0,0,0,0,0,0,-1.322910085587596,-0.3448102578430522,0,False,False,True,False,False,True,True,False,False,False
0,0,0,0,-0.5468567339563023,1,1,0,0,0,0,0,0,0,-1.3328822185984677,-0.8018363529404627,0,False,False,True,True,False,False,True,False,False,False
1,0,1,0,-0.791320501614164,1,1,0,0,1,0,1,1,1,1.2449141647118924,-0.4077897684861213,1,False,True,False,True,False,False,False,True,False,False
1,0,1,0,0.1865345690172827,1,1,1,0,0,0,0,0,1,-0.3240347623319375,-0.1114220888049885,0,True,False,False,True,False,False,False,False,False,True
0,0,0,0,-1.076528230548336,0,0,1,0,0,0,0,0,0,-1.1749901125929976,-0.9361338173169972,0,True,False,False,True,False,False,True,False,False,False
1,0,1,0,-1.1987601143772668,0,0,0,1,0,0,0,0,0,-1.1633559574136474,-0.9657154368519728,0,True,False,False,True,False,False,False,True,False,False
1,1,1,1,0.797693988161937,1,1,0,1,1,0,1,1,1,0.5335686766030371,0.7924827896925255,0,True,False,False,False,True,False,False,False,True,False
0,1,0,0,-0.7098325790615434,1,0,0,0,0,0,1,1,1,0.8875793984889861,-0.3895687261774786,0,False,True,False,True,False,False,False,False,True,False
0,0,0,0,-0.2616490050221303,1,1,1,1,0,0,1,0,1,0.1562896443583875,-0.2132040370036299,0,True,False,False,True,False,False,True,False,False,False
1,0,1,0,1.368109446030281,1,1,1,1,0,1,1,1,0,0.679826627429157,1.436087063780857,0,True,False,False,False,False,True,False,False,True,False
1,0,0,0,-1.1580161531009563,1,0,0,0,1,0,0,1,0,0.706418982124815,-0.8714336755600366,0,False,True,False,True,False,False,False,False,True,False
1,0,1,0,-0.9950403079957154,1,0,1,0,0,0,0,0,0,0.3391120828910372,-0.728113927522201,1,False,True,False,True,False,False,False,False,True,False
1,0,0,0,0.6347181430566958,1,0,0,0,0,0,0,0,0,-1.4841262359300234,-0.5736983147370928,0,False,False,True,False,False,True,False,True,False,False
0,0,0,1,-0.9135523854430948,1,1,1,0,1,1,0,1,0,0.2909134400051568,-0.7014882640033974,0,True,False,False,False,True,False,False,True,False,False
0,0,0,0,1.2866215234776603,1,1,1,1,1,1,1,1,1,1.672053862010901,2.2283273948614823,0,False,True,False,False,False,True,True,False,False,False
1,0,0,0,-0.4246248501273714,1,0,0,1,0,0,1,1,1,0.9440881522172598,-0.0555898150965442,0,False,True,False,True,False,False,False,False,False,True
1,1,0,0,-1.2802480369298874,1,1,0,0,0,0,1,1,1,0.95572230739661,-0.966090446197308,1,False,True,False,True,False,False,False,False,True,False
1,0,0,0,1.4088534073065913,1,0,0,0,0,1,0,0,0,-0.4736167574950145,0.4309517214160768,0,True,False,False,False,False,True,True,False,False,False
1,0,0,1,-0.4246248501273714,1,0,0,1,1,0,1,0,1,0.8177744674128837,-0.1243268221591725,1,False,True,False,True,False,False,False,False,True,False
1,0,1,0,1.3273654847539706,1,1,0,1,0,0,1,0,1,0.8992135536683364,1.6136650184837316,1,False,True,False,True,False,False,True,False,False,False
1,0,1,1,0.0643026851883519,0,0,1,0,0,0,0,0,0,-1.1434116913919037,-0.5932429194410365,0,True,False,False,False,True,False,True,False,False,False
0,0,1,0,1.6125732136881423,1,0,0,0,0,0,0,0,0,-1.487450280266981,-0.3792669988673863,0,False,False,True,False,False,True,True,False,False,False
1,0,0,0,-1.1172721918246462,1,0,0,1,0,0,0,0,1,-0.4470244027993562,-0.8916400614616308,0,True,False,False,True,False,False,False,False,True,False
1,1,1,0,0.5532302205040753,1,1,0,0,1,0,1,1,1,1.131896657255345,1.0066131258789603,0,False,True,False,True,False,False,False,False,True,False
0,0,0,0,-1.2395040756535771,1,0,0,0,0,0,0,0,1,0.17789593254861,-0.9527445253780236,0,False,True,False,True,False,False,False,False,True,False
1,0,1,1,0.1865345690172827,1,0,1,0,1,1,0,0,1,-0.2010451218645185,-0.0353834291949502,0,True,False,False,False,True,False,False,False,False,True
0,0,0,0,0.0235587239120416,1,1,0,0,0,0,0,0,0,-1.2996417752288951,-0.6428985686380764,0,False,False,True,False,False,True,False,True,False,False
0,0,0,1,-0.6690886177852331,1,0,0,0,0,0,0,0,1,-1.5123806127941604,-0.8483816305085454,0,False,False,True,False,True,False,True,False,False,False
1,0,0,0,-1.076528230548336,1,1,0,0,0,0,0,0,1,0.3357880385540801,-0.8000936624533166,1,False,True,False,True,False,False,False,False,True,False
0,0,1,1,-0.791320501614164,1,0,0,0,0,0,0,1,0,-0.2941183632993219,-0.6833775185610297,1,True,False,False,True,False,False,False,False,True,False
1,0,1,0,0.5939741817803856,1,1,0,0,0,0,1,1,1,1.010569038956405,1.00577486969527,0,False,True,False,False,True,False,False,True,False,False
0,0,0,0,-1.2802480369298874,1,0,0,0,0,0,0,0,1,0.1562896443583875,-0.9767010047329704,1,False,True,False,True,False,False,False,False,True,False
1,0,1,1,0.2680224915699033,1,0,1,0,1,1,1,1,0,0.5053142997389005,0.3969141084835879,1,True,False,False,False,True,False,False,True,False,False
1,1,1,0,1.24587756220135,1,1,1,1,1,0,1,1,0,1.4526669357717217,2.0773751036774115,0,False,True,False,False,False,True,False,True,False,False
0,0,0,0,-0.9135523854430948,1,0,0,0,0,0,0,0,0,-1.527338812310468,-0.9353617392530716,0,False,False,True,True,False,False,False,False,False,True
1,0,0,0,-0.9135523854430948,1,1,0,0,0,0,0,0,1,-1.3561505289571687,-0.9074125133389668,0,False,False,True,True,False,False,False,False,True,False
0,0,0,0,-0.5876006952326126,1,1,0,0,1,1,0,1,1,1.005582972450969,-0.2664333046679822,0,False,True,False,True,False,False,True,False,False,False
1,0,0,0,-1.2802480369298874,1,0,1,0,0,0,0,0,1,-0.498547090022194,-0.9853923977954464,0,True,False,False,True,False,False,False,True,False,False
1,0,1,0,1.368109446030281,0,0,1,1,1,1,1,0,1,-0.2725120751090997,0.6643840092006505,0,True,False,False,False,False,True,True,False,False,False
1,1,0,0,1.490341329859212,1,0,0,0,0,0,0,0,0,-1.4791401694245876,-0.4089809746418922,0,False,False,True,False,False,True,False,True,False,False
1,0,0,0,-1.1987601143772668,1,0,0,0,0,1,1,1,1,0.1513035778529514,-0.9229423121104976,1,True,False,False,True,False,False,False,False,True,False
0,0,0,0,1.4495973685829016,1,0,0,0,0,0,0,0,0,-1.5024084797832884,-0.3713256244955807,0,False,False,True,False,False,True,False,True,False,False
1,0,1,1,-1.076528230548336,1,0,0,0,0,0,0,0,0,-1.5073945462887242,-0.9572887562685568,0,False,False,True,False,True,False,False,False,False,True
1,0,0,0,1.6125732136881423,1,0,0,0,0,0,0,0,0,-1.494098368940895,-0.3746565898570881,0,False,False,True,False,False,True,True,False,False,False
0,1,1,0,1.0421577558197987,1,1,0,0,0,1,1,1,1,1.183419344478183,1.5293761532763173,0,False,True,False,True,False,False,True,False,False,False
0,0,1,1,0.512486259227765,1,1,1,1,0,0,1,1,1,1.3413114504836532,1.0798502450856118,0,False,True,False,True,False,False,False,False,True,False
1,0,1,1,1.4495973685829016,1,1,1,1,1,0,1,1,1,1.509175689499995,2.287203862079119,0,False,True,False,False,False,True,False,False,True,False
1,0,1,1,-0.0171852373642686,1,1,1,0,0,0,1,1,1,1.155164967614046,0.4064878764762648,1,False,True,False,True,False,False,False,True,False,False
1,0,0,0,-1.2802480369298874,1,1,0,0,0,0,0,0,1,0.3357880385540801,-0.9743185924214288,1,False,True,False,True,False,False,False,False,True,False
1,0,0,0,-0.9542963467194052,1,0,0,0,0,0,0,0,1,0.1895300877279602,-0.7435775481739668,0,False,True,False,True,False,False,False,False,True,False
0,0,1,1,-0.5468567339563023,0,0,0,0,0,0,0,0,1,-1.327896152093032,-0.8155352237318274,0,True,False,False,True,False,False,False,False,False,True
1,0,1,1,1.1236456783724194,1,0,1,1,1,1,0,0,1,0.0349620260594471,0.7257531855961037,0,True,False,False,False,True,False,True,False,False,False
0,0,0,0,-0.1394171211931994,1,0,0,0,0,0,1,0,1,0.4687498120323708,0.0444935613614608,1,False,True,False,True,False,False,False,False,True,False
1,0,1,1,1.6125732136881423,1,1,1,1,1,1,1,1,1,1.6371513964728497,2.728700158404999,0,False,True,False,False,False,True,False,True,False,False
1,1,1,0,0.4309983366751445,1,1,0,1,0,1,1,0,1,0.9806526399237896,0.7367166941038463,0,False,True,False,True,False,False,False,False,True,False
1,0,1,1,-1.2802480369298874,1,0,0,0,0,0,0,0,1,0.1695858217062168,-0.9765245297469304,1,False,True,False,True,False,False,False,False,False,True
0,0,1,1,-0.7098325790615434,1,0,0,1,1,1,1,1,0,0.3889727479453962,-0.4975272988875243,0,True,False,False,True,False,False,True,False,False,False
1,0,0,0,-1.1987601143772668,1,0,0,0,0,0,1,1,0,0.8609870437933281,-0.9025153324763532,0,False,True,False,True,False,False,False,False,False,True
1,0,1,1,0.6754621043330061,1,1,0,0,1,0,1,1,1,1.1634750784564392,1.1423003307705606,1,False,True,False,True,False,False,False,False,True,False
1,0,0,0,-0.8320644628904743,1,1,0,0,1,0,1,0,1,0.8227605339183194,-0.5565802410912007,0,False,True,False,True,False,False,False,False,True,False
1,0,0,0,-1.2802480369298874,1,0,0,0,0,0,0,1,1,0.5335686766030371,-0.971693527004082,1,False,True,False,True,False,False,False,False,False,True
1,0,0,0,-0.4653688114036817,1,0,0,0,0,0,0,0,0,-1.472492080750673,-0.8296311632417823,0,False,False,True,True,False,False,False,True,False,False
0,0,1,0,-0.5876006952326126,1,0,1,0,0,0,0,0,0,0.3324639942171226,-0.3729138993699419,0,False,True,False,True,False,False,False,False,True,False
0,1,1,1,1.6125732136881423,1,1,1,1,1,1,1,1,0,0.9191578196900804,1.833994038554826,1,True,False,False,False,False,True,False,True,False,False
1,0,0,0,1.6125732136881423,1,0,0,0,0,0,0,0,0,-1.5123806127941604,-0.3831715079335241,0,False,False,True,False,False,True,True,False,False,False
0,0,0,0,0.5532302205040753,1,0,0,0,1,0,0,0,1,0.3324639942171226,0.5581019488579861,0,False,True,False,True,False,False,False,True,False,False
0,1,0,0,-1.0357842692720256,1,0,1,0,0,0,0,0,0,0.3873107257769176,-0.7851815261329261,1,False,True,False,True,False,False,True,False,False,False
0,0,1,1,1.6125732136881423,1,1,1,0,1,1,1,1,0,0.6615443835758922,1.5929512669972716,0,True,False,False,False,False,True,False,True,False,False
1,0,0,0,0.2680224915699033,1,0,0,0,0,0,0,0,0,-1.4924363467724169,-0.658318070543332,0,False,False,True,False,True,False,False,False,False,True
0,1,1,0,1.6125732136881423,1,1,1,1,1,1,0,1,0,0.453791612516063,1.4995739400087913,0,True,False,False,False,False,True,True,False,False,False
1,0,0,0,-1.2802480369298874,1,1,0,0,0,0,0,0,0,-0.4669686688210999,-0.9849732697036012,0,True,False,False,True,False,False,False,False,False,True
1,0,0,1,1.6125732136881423,1,0,0,0,0,0,0,0,0,-1.4924363467724169,-0.3325011275667535,0,False,False,True,False,False,True,False,True,False,False
1,0,1,0,-1.076528230548336,1,1,0,0,0,0,1,0,1,0.6000495633421824,-0.8043070027450245,1,False,True,False,True,False,False,False,False,True,False
0,0,0,1,0.4717422979514547,1,0,0,0,0,0,0,0,0,-1.4924363467724169,-0.6243686951038633,0,False,False,True,False,False,True,False,False,False,True
0,0,0,0,-1.2802480369298874,1,0,0,0,0,0,0,0,0,-1.4575338812343652,-0.9981206561635904,1,False,False,True,True,False,False,False,False,False,True
0,0,1,0,-0.5876006952326126,1,0,0,0,0,0,0,0,0,-1.485788258098502,-0.8439035777377772,0,False,False,True,False,False,True,False,False,False,True
1,0,1,1,0.3495104141225239,1,1,0,1,1,0,1,0,0,0.1230492009888149,0.2455868079541817,0,True,False,False,False,True,False,True,False,False,False
0,0,1,1,0.6347181430566958,1,0,0,0,0,0,0,0,0,-1.4824642137615447,-0.5541537100331491,0,False,False,True,False,False,True,True,False,False,False
0,0,1,1,1.6125732136881423,1,1,1,1,1,1,1,1,0,1.7518309260978755,2.8177759076087514,0,False,True,False,False,False,True,False,True,False,False
0,0,1,1,1.2051336009250395,1,1,0,0,0,0,1,1,1,0.1878680655594816,0.8899411007331837,0,True,False,False,True,False,False,False,True,False,False
0,0,1,1,-1.2802480369298874,1,0,0,0,0,0,0,0,0,-1.5073945462887242,-0.998782437361241,0,False,False,True,True,False,False,False,False,True,False
0,0,0,0,-0.8728084241667845,1,1,1,0,0,0,0,0,1,0.4720738563693278,-0.5973680222397244,0,False,True,False,True,False,False,True,False,False,False
1,0,0,0,-0.8320644628904743,1,0,1,0,1,0,0,0,0,0.5618230534671742,-0.6285599760223163,1,False,True,False,True,False,False,True,False,False,False
0,0,0,0,0.1050466464646622,1,1,0,0,0,0,1,0,1,0.7197151594726443,0.3290374169779053,1,False,True,False,True,False,False,False,False,True,False
1,0,0,0,-0.6283446565089229,1,0,0,0,0,0,0,0,1,0.1995022207388319,-0.4748502631813684,0,False,True,False,True,False,False,False,False,True,False
1,0,1,1,0.0643026851883519,1,0,0,0,0,0,0,1,1,0.4704118342008493,0.1605479240560971,0,False,True,False,False,True,False,True,False,False,False
0,0,1,1,1.082901717096109,1,1,1,1,1,1,1,1,0,0.8476908664454988,1.2841862195468203,0,True,False,False,False,False,True,False,True,False,False
0,0,1,1,0.3495104141225239,1,0,0,1,0,1,0,1,1,0.0565683142496695,0.1964605837152623,1,True,False,False,False,True,False,True,False,False,False
1,0,1,1,0.1050466464646622,1,1,0,0,0,0,0,0,0,-1.3079518860712882,-0.6503325774250165,0,False,False,True,False,False,True,True,False,False,False
0,0,1,1,1.6125732136881423,1,1,1,1,1,1,1,0,0,0.5119623884128152,1.5136698795187462,0,True,False,False,False,False,True,True,False,False,False
1,1,0,0,-0.3431369275747509,1,1,0,1,0,0,0,0,0,-0.3323448731743307,-0.4376581598734123,0,True,False,False,True,False,False,False,True,False,False
0,0,1,0,0.4309983366751445,1,1,0,0,0,1,1,0,1,0.0017215826898744,0.2756978524472779,0,True,False,False,False,True,False,True,False,False,False
0,0,0,0,-0.9135523854430948,1,1,0,1,1,0,0,1,1,0.9989348837770544,-0.5867133449575519,1,False,True,False,True,False,False,False,False,True,False
1,0,1,1,-0.1801610824695097,0,0,0,1,1,1,1,1,1,-0.1594945676525527,-0.2652641578854664,0,True,False,False,False,True,False,False,True,False,False
0,1,0,0,0.4309983366751445,1,1,0,1,0,0,1,0,1,0.8460288442770204,0.6862448480963709,0,False,True,False,True,False,False,False,False,True,False
0,0,0,0,1.6125732136881423,1,0,0,0,0,0,0,0,0,-1.4808021915930665,-0.316066894491767,0,False,False,True,False,False,True,False,True,False,False
1,0,1,1,-0.3431369275747509,1,0,1,0,1,0,0,0,1,-0.2841462302884502,-0.3657666624353169,0,True,False,False,False,True,False,False,True,False,False
1,0,1,0,-0.9542963467194052,1,0,0,0,1,0,1,1,1,0.1745718882116524,-0.7583573282548273,0,True,False,False,True,False,False,False,False,False,True
0,0,1,1,-1.076528230548336,1,1,0,0,0,0,0,0,1,-0.5268014668863306,-0.8868090587187824,0,True,False,False,True,False,False,False,True,False,False
1,0,0,0,0.5532302205040753,0,0,1,0,0,0,0,0,1,-1.1317775362125533,-0.3503030417835511,0,True,False,False,False,True,False,True,False,False,False
1,0,0,0,1.0014137945434884,1,0,0,0,0,0,0,0,0,-1.4675060142452372,-0.5107629228405336,0,False,False,True,False,False,True,True,False,False,False
0,1,1,0,1.4495973685829016,1,1,0,1,0,0,1,1,1,1.1767712558042684,2.0154985616970933,1,False,True,False,True,False,False,False,False,True,False
0,1,1,1,-0.3431369275747509,1,0,0,0,1,0,1,1,1,1.055443637505328,-0.0087577656761466,0,False,True,False,False,False,True,False,False,True,False
1,0,1,1,-0.2616490050221303,1,1,0,0,0,0,1,0,1,0.6299659623747981,-0.0938407683207412,1,False,True,False,True,False,False,False,False,True,False
1,0,0,0,-1.2802480369298874,1,0,0,0,0,0,0,1,0,-0.3074145406471512,-0.9828555698711195,0,True,False,False,True,False,False,False,False,False,True
1,0,1,1,1.6125732136881423,1,1,1,0,1,0,1,1,1,1.354607627831482,2.320182625095367,0,False,True,False,False,False,True,True,False,False,False
0,1,1,0,0.0235587239120416,1,1,0,1,0,0,0,0,1,0.525258565760644,0.1646509674815301,1,False,True,False,True,False,False,True,False,False,False
1,0,0,0,0.2680224915699033,1,0,0,0,0,1,0,0,1,-0.498547090022194,-0.1377168617249669,0,True,False,False,False,False,True,True,False,False,False
1,0,0,0,-0.9542963467194052,1,1,0,0,0,0,0,0,1,0.3673664597551738,-0.6876570369725026,0,False,True,False,True,False,False,False,False,True,False
0,0,1,1,0.3495104141225239,0,0,1,0,1,0,0,0,0,-0.9772094745440404,-0.3842303578497648,0,True,False,False,False,True,False,False,True,False,False
1,0,0,0,1.5718292524118322,1,1,1,0,0,1,0,1,0,1.0920081252118583,1.9432320549136628,0,False,True,False,False,True,False,False,True,False,False
0,0,1,1,-0.4246248501273714,1,0,0,0,0,0,0,0,0,-1.46418196990828,-0.8077923837193169,0,False,False,True,False,True,False,True,False,False,False
1,0,1,1,1.6125732136881423,1,1,1,1,1,1,1,0,0,0.5817673194889176,1.5582077541206223,0,True,False,False,False,False,True,True,False,False,False
0,1,0,0,-0.791320501614164,1,0,0,0,1,0,1,1,1,1.0654157705161995,-0.4622543610527546,0,False,True,False,True,False,False,False,False,True,False
0,0,0,0,1.4495973685829016,1,1,0,0,0,0,0,0,0,-1.3062898639028098,-0.2036082096376982,0,False,False,True,False,False,True,True,False,False,False
1,0,0,0,-1.2802480369298874,1,0,0,0,0,0,0,0,0,-0.6713973955439717,-0.9876865726139682,0,True,False,False,True,False,False,False,False,False,True
0,0,1,0,1.5310852911355222,1,0,0,0,0,0,0,0,0,-1.495760391109374,-0.3907378729599944,0,False,False,True,False,False,True,True,False,False,False
0,0,1,0,1.4495973685829016,1,1,1,0,0,1,0,0,0,-0.2176653435493049,0.7466654714418582,0,True,False,False,False,True,False,True,False,False,False
1,0,1,1,0.1865345690172827,0,0,1,1,1,0,0,0,0,-0.8176553463700914,-0.3681711341201136,1,True,False,False,True,False,False,True,False,False,False
0,0,1,1,0.3495104141225239,1,0,0,0,0,0,0,0,0,-1.499084435446331,-0.652538514750518,0,False,False,True,False,False,True,True,False,False,False
1,1,0,0,-1.1580161531009563,1,0,1,0,0,0,0,0,0,0.3507462380703874,-0.8867428805990173,0,False,True,False,True,False,False,False,False,True,False
1,0,0,0,-1.1580161531009563,1,0,0,0,0,0,1,1,1,0.7861960462117896,-0.8438373996180122,1,False,True,False,True,False,False,False,False,True,False
1,0,0,0,1.6125732136881423,1,1,0,1,1,0,1,1,1,1.2914507854292945,2.3610145249904004,0,False,True,False,False,False,True,False,False,True,False
1,0,0,1,-0.3838808888510611,1,0,0,0,0,0,0,0,0,-1.495760391109374,-0.8020128279265029,0,False,False,True,False,True,False,False,False,False,True
0,0,0,0,-0.7098325790615434,1,1,0,0,0,0,0,0,0,-1.3212480634191175,-0.8445212401889177,0,False,False,True,False,False,True,True,False,False,False
1,0,0,0,-0.791320501614164,0,0,1,0,0,1,1,0,1,-0.6398189743428778,-0.7439746168925572,1,True,False,False,True,False,False,False,True,False,False
0,0,0,0,-1.1172721918246462,1,0,0,0,0,0,0,0,1,-1.472492080750673,-0.9613476809474796,0,False,False,True,True,False,False,False,False,False,True
0,0,1,0,0.5532302205040753,1,0,1,1,0,1,0,1,0,0.1928541320649173,0.4181352255549129,0,True,False,False,False,True,False,False,False,False,True
0,0,0,0,-0.8320644628904743,0,0,1,0,0,1,0,0,1,-1.037042272609271,-0.8152484518795121,0,True,False,False,False,True,False,False,False,False,True
1,0,0,0,0.4717422979514547,1,0,0,0,0,0,0,0,0,-1.5057325241202455,-0.6387514064661334,0,False,False,True,False,True,False,False,True,False,False
0,0,0,0,1.4495973685829016,0,0,0,1,0,1,0,1,0,-0.6597632403646212,0.3538542118897977,0,True,False,False,True,False,False,False,False,True,False
0,0,0,0,-1.2802480369298874,1,0,0,0,0,0,0,0,1,-1.4924363467724169,-0.9985839030019455,1,False,False,True,True,False,False,False,False,False,True
1,0,1,0,-0.0986731599168891,1,0,0,0,0,0,0,0,0,-1.495760391109374,-0.7529527818073485,0,False,False,True,False,True,False,False,True,False,False
1,0,1,1,0.3495104141225239,1,1,0,0,1,1,1,1,1,1.2565483198912426,0.851513672522947,1,False,True,False,False,True,False,False,False,True,False
1,0,1,0,-0.7505765403378537,1,1,0,0,0,0,0,1,1,0.6765025830921999,-0.5047627733151694,1,False,True,False,True,False,False,False,False,True,False
0,0,1,0,1.082901717096109,1,1,1,1,0,0,1,0,1,0.9956108394400972,1.462249480461305,0,False,True,False,True,False,False,False,False,True,False
0,0,0,0,0.960669833267178,1,0,0,0,0,0,0,0,1,-1.504070501951767,-0.5306384181433026,0,False,False,True,False,False,True,True,False,False,False
0,1,0,0,-0.8728084241667845,1,1,0,0,0,0,0,1,1,0.6648684279128493,-0.6072726808312263,1,False,True,False,True,False,False,False,True,False,False
1,0,0,0,0.8791819107145575,1,1,1,1,0,1,1,1,1,1.436046714086935,1.5341630372726551,0,False,True,False,False,False,True,False,True,False,False
0,0,0,0,0.1457906077409725,1,1,0,0,1,0,0,0,0,-0.299104429804758,-0.1507980700651911,0,True,False,False,False,True,False,False,False,True,False
1,0,0,0,-0.6690886177852331,1,0,0,0,0,0,0,0,0,-1.4974224132778524,-0.881911877856169,0,False,False,True,False,False,True,False,False,False,True
0,0,1,1,-0.0986731599168891,1,0,0,1,1,1,1,1,0,0.5319066544345585,0.0379419275047213,0,True,False,False,False,False,True,True,False,False,False
1,0,0,0,0.5532302205040753,1,1,0,0,0,0,0,0,0,0.2659831074779772,0.4262310155395036,0,False,True,False,True,False,False,True,False,False,False
1,0,1,1,-0.3023929662984406,1,0,1,0,0,1,0,0,0,-0.348965094859117,-0.4352316288153606,0,True,False,False,True,False,False,False,False,True,False
0,1,0,0,-0.9950403079957154,1,1,0,0,0,0,0,0,1,0.3640424154182167,-0.7398936328403793,1,False,True,False,True,False,False,False,False,True,False
0,0,1,1,1.0014137945434884,1,1,1,1,0,1,0,0,0,0.0133557378692252,0.6196696596127342,0,True,False,False,True,False,False,True,False,False,False
0,1,1,0,1.6125732136881423,1,1,1,1,1,1,1,1,1,1.726900593570696,2.644367174451074,0,False,True,False,False,False,True,False,True,False,False
0,1,0,0,0.1050466464646622,1,0,0,0,0,0,0,0,0,0.1911921098964387,0.0598689445202066,0,False,True,False,True,False,False,False,False,True,False
0,0,0,0,-1.2802480369298874,1,0,0,0,0,0,0,0,1,-0.6448050408483137,-0.9873336226418878,1,True,False,False,True,False,False,False,False,False,True
1,0,1,0,-1.076528230548336,1,1,0,0,0,0,0,0,1,0.3557323045758235,-0.8141234238435063,1,False,True,False,True,False,False,False,False,True,False
0,0,1,1,0.512486259227765,1,1,0,0,0,0,0,0,1,-1.2929936865549807,-0.4706148635164054,0,False,False,True,False,True,False,False,True,False,False
1,1,0,0,-1.2802480369298874,1,0,0,0,0,0,0,0,0,-0.6514531295222281,-0.987421860134908,0,True,False,False,True,False,False,False,False,True,False
0,0,0,0,1.6125732136881423,1,1,1,0,0,1,0,0,1,0.6615443835758922,1.7214471162077367,0,False,True,False,False,False,True,True,False,False,False
0,0,1,1,1.6125732136881423,0,0,1,1,1,1,0,1,0,-0.3040904963101938,0.7044658904050137,0,True,False,False,False,False,True,False,True,False,False
1,0,0,0,-0.9542963467194052,0,0,0,0,0,0,1,1,1,-0.6448050408483137,-0.8225942231734323,1,True,False,False,True,False,False,False,False,True,False
0,1,0,0,0.6754621043330061,1,0,0,1,1,0,0,1,1,0.8327326669291911,0.8840953668206046,0,False,True,False,False,True,False,True,False,False,False
0,0,0,0,-0.3838808888510611,1,0,0,1,1,1,0,0,0,0.6116837185215331,-0.110738248234083,0,False,True,False,True,False,False,True,False,False,False
1,0,1,0,0.1050466464646622,1,1,0,0,0,1,1,0,1,0.8875793984889861,0.4204735191199444,0,False,True,False,True,False,False,False,True,False,False
1,0,0,0,-1.1172721918246462,0,0,1,1,1,1,0,0,1,-0.7162719940928949,-0.910743478700474,1,True,False,False,True,False,False,False,False,False,True
1,0,1,1,-0.791320501614164,1,0,1,0,0,0,0,1,0,0.6399380953856697,-0.524130903033073,1,False,True,False,True,False,False,False,False,True,False
0,0,1,0,0.512486259227765,1,0,0,0,1,0,0,0,1,-0.4835888905058862,-0.0272435204638494,0,True,False,False,True,False,False,False,True,False,False
1,0,1,0,-0.8320644628904743,1,0,0,0,1,1,1,1,1,0.3108577060269006,-0.6802671469320725,0,True,False,False,True,False,False,False,False,True,False
0,0,0,0,1.6125732136881423,1,0,0,0,0,0,0,0,1,-1.4508857925604508,-0.3811420455940627,0,False,False,True,False,False,True,True,False,False,False
0,0,1,1,-1.2802480369298874,1,0,0,0,0,0,0,0,1,-1.509056568457203,-0.998804496734496,0,False,False,True,True,False,False,False,False,False,True
0,0,0,0,0.1865345690172827,1,1,1,1,1,1,1,0,1,0.4687498120323708,0.3060294906729242,0,True,False,False,True,False,False,False,True,False,False
1,0,0,0,0.512486259227765,1,0,0,0,0,0,0,0,0,-1.527338812310468,-0.6247216450759435,0,False,False,True,False,True,False,True,False,False,False
1,0,1,0,-0.9542963467194052,1,0,0,1,1,1,1,0,1,0.9989348837770544,-0.6144419771391063,1,False,True,False,True,False,False,False,False,False,True
1,0,0,0,-0.7098325790615434,1,0,0,0,1,1,1,1,1,1.2149977656792768,-0.321780272164816,1,False,True,False,True,False,False,False,False,True,False
0,0,0,0,-1.2802480369298874,1,1,0,0,0,0,1,1,1,0.9906247729346612,-0.9656271993589528,1,False,True,False,True,False,False,False,False,True,False
0,1,1,1,-0.4246248501273714,1,1,0,0,0,0,1,0,0,0.6831506717661141,-0.1419302020166749,0,False,True,False,True,False,False,True,False,False,False
1,0,0,0,-1.2395040756535771,1,0,0,0,0,0,0,1,1,0.5368927209399946,-0.9318542989055238,1,False,True,False,True,False,False,False,False,True,False
1,1,0,0,1.1236456783724194,1,1,1,1,0,0,0,1,1,0.231080641939926,0.9226330918971168,0,True,False,False,False,True,False,False,False,True,False
0,0,0,0,-0.2616490050221303,1,0,0,0,0,0,0,0,1,0.1413314448420797,-0.206321512548065,0,False,True,False,True,False,False,False,True,False,False
0,0,0,1,-0.7098325790615434,1,0,0,0,0,0,0,0,0,-1.5007464576148095,-0.8879782055012982,0,False,False,True,False,True,False,False,False,False,True
0,0,0,0,0.1050466464646622,1,1,0,0,0,1,0,0,0,0.5069763219073791,0.2437999987205256,0,False,True,False,True,False,False,False,True,False,False
0,1,0,0,0.3902543753988342,1,1,0,1,1,0,1,1,1,1.328015273135824,0.9000884124304909,1,False,True,False,True,False,False,True,False,False,False
1,0,1,0,0.4309983366751445,1,0,0,0,0,0,1,0,1,-0.2808221859514929,0.047581873617163,0,True,False,False,False,True,False,False,False,False,True
0,0,1,0,-0.8728084241667845,1,1,0,1,0,0,1,1,1,1.2366040538694991,-0.5020494704048025,1,False,True,False,True,False,False,False,False,True,False
1,0,0,0,0.1865345690172827,1,1,1,1,1,1,1,1,1,0.8576629994563706,0.4744307461017124,0,True,False,False,False,True,False,True,False,False,False
0,0,1,0,1.3273654847539706,1,1,0,1,1,1,1,1,1,1.424412558907585,2.117501103628285,0,False,True,False,False,False,True,True,False,False,False
1,0,0,0,-1.2802480369298874,1,0,0,0,0,0,0,0,0,-0.6148886418156984,-0.9869365539232976,1,True,False,False,True,False,False,False,False,False,True
0,0,0,0,-0.6690886177852331,1,1,0,0,1,0,0,1,1,0.0133557378692252,-0.5470505918450341,1,True,False,False,True,False,False,False,True,False,False
0,0,1,1,1.6125732136881423,1,0,1,1,1,0,0,1,0,0.131359311831208,1.149249033345891,0,True,False,False,False,False,True,False,True,False,False
0,0,0,0,-1.2802480369298874,0,0,0,0,0,0,0,0,1,-1.3262341299245533,-0.9963779656764442,0,True,False,False,True,False,False,False,False,False,True
1,0,0,0,-1.1580161531009563,0,0,1,1,0,1,0,0,0,-0.7445263709570317,-0.9427736886667566,0,True,False,False,True,False,False,False,False,False,True
0,0,1,0,1.6125732136881423,1,1,1,1,0,1,0,0,0,-0.0016024616470825,1.1124319393832698,0,True,False,False,False,False,True,True,False,False,False
1,0,0,0,-0.0986731599168891,1,1,1,1,1,0,0,0,0,0.8510149107824564,0.2370718898777459,0,False,True,False,False,True,False,True,False,False,False
0,0,0,0,-1.1172721918246462,1,0,0,1,0,0,1,0,1,0.6814886495976356,-0.8218662638560168,0,False,True,False,True,False,False,False,False,False,True
1,0,0,1,0.8384379494382472,1,0,1,1,1,0,0,1,0,1.0354993714835847,1.2148536094063065,0,False,True,False,False,True,False,False,False,True,False
0,1,0,0,-1.2802480369298874,0,0,0,0,0,0,0,0,0,-1.3145999747452028,-0.996223550063659,1,True,False,False,True,False,False,False,False,True,False
0,0,0,0,-1.1987601143772668,1,0,1,1,0,0,0,0,0,-0.3140626293210656,-0.9344793643228708,1,True,False,False,True,False,False,False,False,True,False
1,0,0,0,-1.1987601143772668,1,0,0,0,1,1,1,0,1,0.8327326669291911,-0.8995152577136712,0,False,True,False,True,False,False,False,False,False,True
1,1,0,0,1.4088534073065913,1,1,0,0,1,0,1,1,1,1.216659787847756,2.0108219745670297,0,False,True,False,True,False,False,False,True,False,False
1,0,1,1,-0.3838808888510611,1,0,1,0,0,1,0,0,0,-0.2525678090873561,-0.3793993551069165,0,True,False,False,False,True,False,False,True,False,False
1,0,1,1,1.6125732136881423,1,0,0,1,1,0,1,1,1,0.3524082602388664,1.4104540720585288,0,True,False,False,False,False,True,True,False,False,False
0,0,0,0,-0.2616490050221303,0,0,0,0,1,1,1,0,1,-0.6763834620494076,-0.4850858123716956,0,True,False,False,True,False,False,False,True,False,False
0,1,0,0,1.5718292524118322,1,1,1,1,1,1,1,1,0,0.8327326669291911,1.7692277186781005,0,True,False,False,False,False,True,False,False,False,True
0,0,1,0,1.4495973685829016,1,1,0,0,1,0,1,0,1,0.8360567112661487,1.6284227391913368,0,False,True,False,False,False,True,True,False,False,False
0,0,0,0,-1.2395040756535771,1,1,0,0,0,0,0,0,1,0.3690284819236528,-0.9441193104353126,1,False,True,False,True,False,False,False,False,True,False
0,0,1,1,1.2866215234776603,1,1,1,1,1,1,1,1,1,0.8576629994563706,1.5592224852903531,0,True,False,False,False,False,True,False,False,False,True
1,0,1,0,-0.4246248501273714,1,0,0,0,0,0,0,0,1,-1.4741541029191516,-0.799321584389391,0,False,False,True,True,False,False,True,False,False,False
1,1,0,0,-0.22090504374582,1,1,0,1,0,1,1,1,1,1.3246912287988668,0.3003161129998752,0,False,True,False,False,True,False,True,False,False,False
1,0,1,1,1.1236456783724194,1,1,0,1,0,1,1,1,1,1.2947748297662514,1.6265035737181504,0,False,True,False,True,False,False,True,False,False,False
1,0,0,0,0.7569500268856267,1,1,1,0,0,1,0,0,0,-0.16281861198951,0.3354346352218598,0,True,False,False,False,True,False,False,True,False,False
0,0,0,0,-0.9950403079957154,1,0,1,0,0,0,1,0,0,0.6698544944182854,-0.7124738318843951,1,False,True,False,True,False,False,False,False,True,False
0,0,0,1,-1.0357842692720256,1,0,0,0,0,0,0,0,1,0.2078123315812251,-0.7988362781777806,0,False,True,False,True,False,False,False,False,True,False
0,0,1,1,-0.3431369275747509,1,0,0,0,0,0,0,0,1,-1.499084435446331,-0.7893948664246341,0,False,False,True,False,False,True,False,False,False,True
0,0,0,1,-0.3431369275747509,1,0,0,0,0,0,0,0,0,-1.454209836897408,-0.7728503364833724,0,False,False,True,False,True,False,True,False,False,False
1,1,0,0,0.2680224915699033,1,1,0,0,0,0,1,1,1,1.025527238472713,0.6510822071278763,1,False,True,False,True,False,False,True,False,False,False
0,0,0,0,-1.1580161531009563,0,0,1,0,1,0,0,0,0,-0.9905056518918692,-0.9474723351700748,0,True,False,False,True,False,False,False,False,False,True
0,0,1,0,-0.6283446565089229,1,0,0,0,0,0,0,0,0,-1.5107185906256817,-0.871918981771647,0,False,False,True,False,True,False,False,False,False,True
0,0,1,0,-0.7098325790615434,1,1,0,0,0,0,0,0,0,-1.3162619969136813,-0.8362269158450318,0,False,False,True,False,False,True,False,False,False,True
0,1,0,0,1.5310852911355222,1,1,0,1,1,1,1,0,1,0.3557323045758235,1.292392306397686,0,True,False,False,False,False,True,True,False,False,False
0,0,0,1,-1.2802480369298874,1,0,0,0,0,0,0,1,1,0.4920181223910713,-0.9722450113354572,1,False,True,False,True,False,False,False,False,True,False
0,0,1,1,0.0643026851883519,0,0,1,0,1,1,1,1,0,-0.1179440134405869,-0.1279886781195051,0,True,False,False,False,True,False,False,False,False,True
0,0,1,0,-0.2616490050221303,1,1,0,1,0,0,0,0,0,0.4820459893801996,-0.1180178414082381,0,False,True,False,True,False,False,True,False,False,False
1,0,1,1,0.9199258719908678,1,0,0,0,0,0,0,0,0,-1.472492080750673,-0.4876667590425323,0,False,False,True,False,False,True,False,False,False,True
0,0,1,0,-0.22090504374582,1,1,0,0,1,0,0,1,0,0.8427047999400633,0.061810169366648,0,False,True,False,True,False,False,True,False,False,False
1,0,1,1,-0.2616490050221303,1,0,0,0,1,0,0,0,0,-0.4802648461689289,-0.4400846909314641,0,True,False,False,False,True,False,False,False,False,True
1,0,0,0,0.2680224915699033,1,1,0,0,0,0,0,0,1,0.277617262657328,0.197453255511738,0,False,True,False,True,False,False,False,True,False,False
1,1,0,0,-0.506112772679992,1,0,0,0,0,0,0,0,0,0.2161224424236182,-0.394465907040092,1,False,True,False,True,False,False,False,True,False,False
1,0,1,0,-0.3431369275747509,1,0,1,0,0,1,0,0,0,-0.3722334052178177,-0.4270476013377499,0,True,False,False,True,False,False,False,False,False,True
0,0,1,0,1.4495973685829016,1,1,0,1,1,1,0,0,0,0.8443668221085419,1.7710807060315217,0,False,True,False,False,False,True,False,True,False,False
1,1,1,0,-0.6690886177852331,1,0,0,1,0,0,0,0,1,0.3158437725323362,-0.4875344028030023,1,False,True,False,True,False,False,False,True,False,False
0,0,0,0,-1.2802480369298874,1,0,0,0,0,0,0,0,0,0.2094743537497036,-0.97599510478881,0,False,True,False,True,False,False,False,False,False,True
1,0,1,0,1.5310852911355222,0,0,0,1,1,1,0,1,1,-0.4569965358102282,0.596419080201948,0,True,False,False,False,True,False,True,False,False,False
1,1,0,0,-1.1987601143772668,1,0,0,0,0,0,1,0,1,0.5019902554019434,-0.8922577239127711,1,False,True,False,True,False,False,False,False,True,False
0,0,1,0,-0.3431369275747509,1,0,0,1,1,0,1,1,1,1.1468548567716528,0.0653176097141954,1,False,True,False,True,False,False,False,True,False,False
1,0,1,1,1.6125732136881423,1,1,1,1,1,1,1,1,1,0.902537598005294,1.911047429334595,0,True,False,False,False,False,True,False,True,False,False
1,0,0,0,-1.2802480369298874,1,0,0,0,0,0,0,0,1,-1.4974224132778524,-0.9986500811217108,0,False,False,True,True,False,False,False,False,False,True
0,0,0,0,-0.0579291986405789,0,0,1,1,0,1,0,1,1,-0.4968850678537152,-0.3367144678584616,0,True,False,False,False,False,True,True,False,False,False
0,0,1,0,-1.2802480369298874,0,0,0,0,0,0,0,0,1,-1.3295581742615106,-0.996422084422954,1,True,False,False,True,False,False,False,False,True,False
1,0,1,0,0.7162060656093164,1,1,0,0,0,1,1,1,0,1.1501789011086103,1.2249347429838486,0,False,True,False,False,True,False,False,False,True,False
0,0,0,0,1.1643896396487294,1,1,0,1,1,1,1,1,0,0.7928441348857043,1.3403052651075795,0,True,False,False,False,False,True,False,True,False,False
1,1,1,0,-0.8728084241667845,1,0,0,0,0,0,0,0,1,0.1795579547170885,-0.6391043564382136,0,False,True,False,True,False,False,False,False,True,False
0,0,0,0,-1.2395040756535771,1,0,0,0,0,0,0,0,0,-0.6398189743428778,-0.9701273115029756,0,True,False,False,True,False,False,False,False,True,False
0,1,0,0,1.2866215234776603,1,1,0,1,1,1,0,1,0,0.327477927711687,1.14093264962875,0,True,False,False,True,False,False,False,True,False,False
0,0,0,0,-0.5876006952326126,0,0,1,1,0,1,0,0,1,-0.8176553463700914,-0.6932601177792765,0,True,False,False,False,True,False,False,False,False,True
0,0,1,0,0.512486259227765,1,1,0,0,0,0,0,0,0,-1.3062898639028098,-0.51277032580674,0,False,False,True,False,False,True,False,False,False,True
1,0,1,1,-0.0579291986405789,1,1,0,0,0,0,0,1,0,-0.1694667006634244,-0.201975816016827,0,True,False,False,True,False,False,True,False,False,False
0,0,1,1,1.1643896396487294,1,1,0,0,0,0,0,0,1,-1.3528264846202114,-0.3228170627078018,0,False,False,True,False,False,True,False,False,False,True
0,1,0,0,-0.0579291986405789,1,0,1,0,0,0,0,0,1,0.2909134400051568,-0.0832302097850787,0,False,True,False,True,False,False,False,True,False,False
0,0,1,0,1.0014137945434884,1,0,0,0,0,0,0,0,0,-1.4924363467724169,-0.5151747974915367,0,False,False,True,False,False,True,True,False,False,False
0,0,1,1,-0.1801610824695097,1,1,0,0,0,1,0,1,1,0.8526769329509349,0.0996861132455095,0,False,True,False,False,True,False,False,False,True,False
1,0,0,0,0.1865345690172827,1,0,1,1,1,1,0,0,0,0.0266519152170539,0.0134560231916541,0,True,False,False,False,False,True,True,False,False,False
0,0,1,0,0.5532302205040753,1,1,0,1,0,1,1,1,1,1.274830563744508,1.0197384529656948,0,False,True,False,False,True,False,False,False,True,False
0,0,0,0,-0.5468567339563023,1,0,0,0,0,0,0,0,0,-1.4924363467724169,-0.8452050807598231,0,False,False,True,True,False,False,False,False,False,True
0,0,0,0,1.24587756220135,1,0,0,0,0,0,0,0,1,-1.4691680364137156,-0.43439337263167,0,False,False,True,False,False,True,False,False,False,True
1,0,0,1,1.490341329859212,1,1,1,1,1,1,1,0,1,0.4870320558856357,1.420292552530266,0,True,False,False,False,False,True,False,True,False,False
0,0,1,1,-0.5468567339563023,1,1,0,0,0,1,0,1,1,0.8161124452444047,-0.263146458052985,0,False,True,False,False,True,False,True,False,False,False
0,0,1,0,-0.0579291986405789,1,0,0,1,0,0,0,1,1,0.6332900067117551,0.1724379262405506,0,False,True,False,True,False,False,True,False,False,False
0,1,0,0,-0.5876006952326126,1,0,0,0,0,0,0,0,0,-1.477478147256109,-0.8443006464563676,0,False,False,True,False,True,False,True,False,False,False
0,0,0,0,0.4717422979514547,1,1,0,0,0,0,0,0,1,-0.4869129348428435,-0.06361942696137,0,True,False,False,True,False,False,False,False,False,True
1,1,1,0,-1.2802480369298874,1,0,0,0,0,0,0,0,1,0.1828819990540456,-0.97634805476089,1,False,True,False,True,False,False,False,False,True,False
1,0,0,0,-1.2802480369298874,1,0,0,0,0,0,1,1,1,0.8343946890976701,-0.967700780444924,1,False,True,False,True,False,False,False,False,True,False
0,0,0,0,-0.8728084241667845,0,0,0,0,0,0,1,0,1,-0.9639132971962112,-0.8471463056062645,0,True,False,False,True,False,False,False,False,False,True
0,0,0,0,-0.4246248501273714,1,0,0,0,0,0,0,0,0,-1.4608579255713223,-0.8085424024099874,0,False,False,True,False,True,False,True,False,False,False
1,0,1,0,-0.3838808888510611,1,1,0,1,1,0,0,0,0,0.6465861840595843,-0.1390624834935229,0,False,True,False,True,False,False,False,False,True,False
0,0,0,0,0.1865345690172827,1,0,0,1,1,0,0,0,0,0.5069763219073791,0.3246255423269022,0,False,True,False,False,True,False,False,False,True,False
1,0,1,0,0.5532302205040753,0,0,1,0,1,1,0,0,0,-0.811007257696177,-0.1943873916171017,0,True,False,False,False,False,True,False,True,False,False
0,0,0,0,-0.506112772679992,1,0,0,0,0,0,0,0,1,-1.5107185906256817,-0.8159984705701827,0,False,False,True,False,True,False,False,True,False,False
0,0,0,0,-1.2802480369298874,1,0,0,0,0,1,0,0,1,-0.4653066466526213,-0.984951210330346,1,True,False,False,True,False,False,False,False,True,False
0,0,1,1,1.0421577558197987,1,1,1,0,1,1,1,0,0,0.3657044375866952,0.9408100154592496,0,True,False,False,False,False,True,False,False,False,True
0,0,1,1,1.5718292524118322,1,1,1,1,1,1,0,0,1,1.0089070167879266,1.9798506145169883,0,False,True,False,False,True,False,False,True,False,False
0,0,0,0,-0.1394171211931994,1,1,0,0,0,0,1,1,1,0.2061503094127465,-0.0896494874022883,0,True,False,False,False,True,False,False,True,False,False
0,0,1,0,1.2866215234776603,1,1,1,1,1,1,0,1,1,0.5485268761193449,1.255619331181575,0,True,False,False,False,False,True,False,False,False,True
1,1,0,0,-1.2802480369298874,1,1,0,0,0,0,0,0,1,0.2942374843421143,-0.974870076752804,1,False,True,False,True,False,False,False,False,True,False
1,0,0,0,-1.2802480369298874,1,0,0,0,0,0,0,0,0,-1.487450280266981,-0.9985177248821806,1,False,False,True,True,False,False,True,False,False,False
1,0,1,1,1.5310852911355222,0,0,0,1,1,1,1,1,0,-0.1478604124732022,0.8185790282532086,0,True,False,False,False,True,False,False,False,True,False
1,0,0,0,-0.791320501614164,1,0,0,0,0,0,0,0,1,-1.4907743246039378,-0.8939783550266623,0,False,False,True,False,True,False,False,False,False,True
1,0,0,0,1.0014137945434884,0,0,0,1,0,0,1,0,1,-0.847571745402707,-0.0758182603713936,1,True,False,False,True,False,False,False,False,True,False
0,1,0,0,1.0014137945434884,1,1,1,0,1,1,0,1,0,1.213335743510798,1.5425235397363066,0,False,True,False,False,False,True,False,True,False,False
0,0,1,1,-1.076528230548336,1,0,0,0,0,0,0,0,0,-1.485788258098502,-0.9630903714346258,0,False,False,True,False,False,True,False,False,False,True
1,1,1,0,1.24587756220135,0,0,1,0,0,1,0,0,0,-0.9539411641853394,0.0068823299616594,0,True,False,False,False,True,False,True,False,False,False
0,0,0,0,-0.9950403079957154,1,0,0,0,0,0,0,0,0,-1.5157046571311177,-0.9381632796564584,0,False,False,True,True,False,False,False,False,False,True
1,0,1,1,-0.3838808888510611,1,1,0,0,0,0,0,0,1,-0.5467457329080743,-0.5365503301756467,1,True,False,False,False,True,False,False,True,False,False
0,0,0,0,0.3087664528462136,1,0,0,0,1,0,0,0,1,-0.4835888905058862,-0.1145986385537107,0,True,False,False,False,True,False,False,False,False,True
0,0,1,1,1.082901717096109,1,1,0,0,0,0,0,0,0,-1.3079518860712882,-0.3305599027203122,0,False,False,True,False,False,True,False,False,False,True
0,0,0,0,-0.5876006952326126,1,0,0,0,0,0,0,0,0,-1.485788258098502,-0.827778175888361,0,False,False,True,False,True,False,False,False,False,True
1,0,0,0,-0.6283446565089229,1,0,0,1,1,0,0,1,1,0.8692971546357213,-0.296081102322723,0,False,True,False,True,False,False,False,True,False,False
1,1,0,0,0.5532302205040753,1,0,1,0,0,0,0,1,0,0.6715165165867639,0.7438859904117264,1,False,True,False,True,False,False,False,False,True,False
0,0,1,1,-0.6690886177852331,1,0,0,0,0,0,0,0,0,-1.4758161250876305,-0.8655658822742024,0,False,False,True,True,False,False,False,False,True,False
1,0,0,0,-0.4246248501273714,1,1,0,0,0,0,0,1,0,0.606697652016097,-0.2135349276024551,0,False,True,False,True,False,False,False,False,True,False
0,0,1,0,1.2051336009250395,1,0,1,0,1,1,1,1,0,0.5385547431084732,1.1923530486861906,0,True,False,False,False,False,True,False,False,False,True
1,0,1,0,0.960669833267178,0,0,0,0,1,1,1,1,1,-0.3572752057015101,0.298463125646454,0,True,False,False,False,True,False,True,False,False,False
0,1,1,0,-1.1172721918246462,1,1,0,1,0,0,0,0,1,0.5385547431084732,-0.8433962121529118,1,False,True,False,True,False,False,False,False,True,False
0,0,1,0,1.6125732136881423,1,1,1,1,0,1,1,1,1,0.7180531373041658,1.6657692581120778,0,True,False,False,False,False,True,True,False,False,False
0,0,0,0,-0.9542963467194052,1,0,0,0,0,0,0,0,0,-0.6531151516907069,-0.823631013716418,1,True,False,False,True,False,False,False,False,True,False
1,0,1,0,1.368109446030281,1,1,1,1,1,1,1,1,0,1.695322172369602,2.4966134923889807,0,False,True,False,False,True,False,True,False,False,False
1,0,1,0,-0.1801610824695097,1,1,0,1,1,0,1,0,0,1.0571056596738069,0.1769380383845736,0,False,True,False,True,False,False,False,True,False,False
0,0,1,1,0.960669833267178,1,0,0,0,0,0,1,1,0,0.8011542457280975,1.1844557930608954,0,False,True,False,False,True,False,True,False,False,False
1,0,0,0,-1.2802480369298874,1,0,0,0,0,0,0,0,1,-0.6298468413320059,-0.9871350882825928,1,True,False,False,True,False,False,False,False,False,True
1,1,0,0,-0.3431369275747509,1,1,0,1,1,0,1,1,1,1.2681824750705932,0.0941492105585005,1,False,True,False,True,False,False,False,True,False,False
0,0,0,0,0.7569500268856267,1,0,0,0,0,0,0,0,0,-1.4675060142452372,-0.5570214285563011,0,False,False,True,False,False,True,True,False,False,False
1,0,1,1,-1.1580161531009563,1,0,0,0,0,1,0,1,0,-0.1112959247666722,-0.9060889509436658,1,True,False,False,True,False,False,False,True,False,False
1,0,1,1,-0.3838808888510611,1,1,0,1,0,1,0,0,0,-0.1694667006634244,-0.3834362204125843,0,True,False,False,False,False,True,False,False,False,True
0,0,1,1,-0.0986731599168891,1,0,0,0,1,0,0,1,0,0.7197151594726443,0.1123923122403985,0,False,True,False,False,True,False,False,False,True,False
1,0,1,0,1.1643896396487294,1,0,0,0,0,0,0,0,1,-1.4708300585821945,-0.4549968272518545,0,False,False,True,False,True,False,False,True,False,False
0,0,0,0,-0.0579291986405789,1,0,0,0,0,0,0,0,0,-1.459195903402844,-0.7032309544905436,0,False,False,True,False,False,True,False,True,False,False
1,0,0,0,-1.2802480369298874,1,0,0,0,0,0,0,0,1,0.1596136886953446,-0.9766568859864604,1,False,True,False,True,False,False,False,False,True,False
0,0,1,1,-1.1580161531009563,1,0,0,0,0,0,0,0,0,-1.477478147256109,-0.9736788705970332,1,False,False,True,True,False,False,False,False,False,True
1,0,0,0,-0.7505765403378537,1,0,0,0,1,0,0,0,0,0.3873107257769176,-0.5143144819345912,0,False,True,False,True,False,False,False,False,True,False
0,0,1,0,0.7162060656093164,1,1,1,0,1,0,1,1,1,1.3163811179564735,1.301326352565967,0,False,True,False,False,True,False,False,False,False,True
1,0,0,0,-1.076528230548336,1,0,0,0,0,0,0,0,1,0.1429934670105583,-0.8154469862388073,0,False,True,False,True,False,False,False,False,True,False
0,0,0,1,-0.7098325790615434,1,0,0,1,0,0,0,1,1,0.7014329156193795,-0.447253987239344,1,False,True,False,True,False,False,True,False,False,False
0,0,1,0,0.8791819107145575,1,1,0,0,0,0,1,1,1,0.17789593254861,0.6319346711425229,1,True,False,False,False,True,False,False,True,False,False
1,1,0,0,0.797693988161937,1,1,0,1,1,1,1,1,1,1.52745793335326,1.5656417629075627,0,False,True,False,True,False,False,False,False,True,False
0,0,0,0,-0.0986731599168891,1,1,0,1,0,0,1,1,1,1.1767712558042684,0.3090516248088614,1,False,True,False,True,False,False,False,False,True,False
1,0,1,1,-1.1987601143772668,1,0,0,0,1,0,0,0,1,-0.4869129348428435,-0.9331778613008248,1,True,False,False,True,False,False,False,False,True,False
1,0,1,1,-0.0579291986405789,1,0,0,0,1,1,0,0,0,-0.3473030726906382,-0.2807277785372323,0,True,False,False,True,False,False,False,False,False,True
1,1,1,0,1.0421577558197987,0,0,0,1,1,0,0,1,1,-0.648129085185271,0.1623126739164983,1,True,False,False,True,False,False,False,False,True,False
0,0,1,1,1.6125732136881423,0,0,0,1,1,1,1,1,1,-0.1594945676525527,0.8738598176302775,0,True,False,False,False,False,True,False,False,True,False
1,0,0,0,-0.7098325790615434,1,1,0,0,0,0,0,0,0,-0.4403763141254418,-0.669634529023155,1,True,False,False,True,False,False,False,False,True,False
0,0,0,0,-0.7505765403378537,1,0,1,0,0,1,0,0,0,-0.3024284741417151,-0.6565533206829308,0,True,False,False,False,True,False,False,False,False,True
0,1,0,0,-1.2802480369298874,1,1,0,0,0,0,0,0,1,0.3208298390377723,-0.974517126780724,1,False,True,False,True,False,False,False,False,False,True
1,0,1,1,1.1236456783724194,1,1,0,0,0,0,0,0,0,-1.3578125511256471,-0.3427587361303357,0,False,False,True,False,True,False,False,True,False,False
1,0,1,1,-0.4653688114036817,1,0,0,0,0,0,0,0,0,-1.495760391109374,-0.8529038020258236,0,False,False,True,False,True,False,False,False,False,True
1,1,1,0,0.0235587239120416,1,1,0,1,0,0,1,1,1,1.1900674331520973,0.435429774186845,0,False,True,False,True,False,False,True,False,False,False
1,0,1,0,1.3273654847539706,1,1,1,1,1,0,0,0,0,0.829408622592234,1.5381116650853035,1,False,True,False,False,True,False,False,False,True,False
1,1,1,0,1.4088534073065913,1,0,1,1,0,1,0,0,1,-0.1279161464514586,0.8100641101767726,0,True,False,False,False,True,False,True,False,False,False
0,1,0,0,-0.9542963467194052,1,1,0,0,0,0,0,1,1,0.653234272733499,-0.670958091418456,1,False,True,False,True,False,False,False,False,True,False
1,1,1,1,-0.1801610824695097,1,1,0,0,0,0,0,0,1,-0.4586585579787067,-0.3977306942818343,0,True,False,False,False,True,False,False,False,True,False
0,0,1,1,-0.0171852373642686,1,1,0,1,0,0,1,1,1,1.131896657255345,0.3557292586164741,0,False,True,False,True,False,False,False,False,True,False
1,0,1,1,1.4495973685829016,1,0,1,1,1,0,1,1,1,1.278154608081465,2.1137730695481878,0,False,True,False,False,False,True,False,True,False,False
0,0,1,0,-0.2616490050221303,1,1,1,1,1,1,1,1,1,0.8410427777715843,0.0129045388602787,0,True,False,False,False,True,False,False,True,False,False
0,0,1,1,-1.1987601143772668,1,0,0,0,0,0,0,0,0,-0.6813695285548437,-0.9480238195014504,1,True,False,False,True,False,False,False,False,False,True
1,0,1,1,1.490341329859212,1,1,0,0,0,0,0,0,1,-1.2896696422180234,-0.214748193131481,0,False,False,True,False,False,True,True,False,False,False
1,0,1,0,0.1457906077409725,1,1,0,0,0,0,1,1,1,1.0039209502824906,0.5104316432538976,0,False,True,False,True,False,False,True,False,False,False
1,0,0,0,0.797693988161937,1,0,1,1,0,0,1,0,1,-0.0514631267014415,0.4672835091670873,0,True,False,False,False,False,True,False,True,False,False
0,1,1,0,0.0643026851883519,1,0,0,0,1,1,1,0,0,-0.0198847055003474,-0.07809037581666,0,True,False,False,False,True,False,True,False,False,False
0,0,1,0,0.7162060656093164,1,1,1,1,0,1,1,1,0,1.4543289579402,1.468006976880864,1,False,True,False,False,True,False,False,False,True,False
1,1,1,0,-0.0986731599168891,1,1,0,0,1,0,1,1,0,0.3341260163856011,-0.0448027815748418,0,True,False,False,False,False,True,False,False,True,False
0,0,1,1,1.490341329859212,1,1,0,0,0,0,0,0,1,-1.3029658195658524,-0.269080429458584,0,False,False,True,False,False,True,True,False,False,False
0,0,1,0,-1.1580161531009563,1,1,0,1,0,0,1,0,1,0.8925654649944222,-0.8461536338097888,1,False,True,False,True,False,False,False,False,True,False
0,0,1,1,1.4088534073065913,1,0,1,1,1,0,0,0,0,0.6648684279128493,1.4625362523136205,0,False,True,False,False,True,False,True,False,False,False
0,0,0,0,-0.7505765403378537,1,0,0,0,0,0,0,0,1,0.2061503094127465,-0.6041181904557591,1,False,True,False,True,False,False,False,True,False,False
0,0,1,0,0.8384379494382472,1,0,0,0,0,0,0,0,0,-1.4625199477398012,-0.5565581817179458,1,False,False,True,False,True,False,True,False,False,False
1,1,1,0,1.6125732136881423,1,1,0,1,1,1,1,1,1,1.4942174899836873,2.492356033350763,0,False,True,False,False,False,True,True,False,False,False
1,0,0,0,0.5532302205040753,1,0,0,0,0,0,0,0,0,-1.4907743246039378,-0.6071844433382062,0,False,False,True,False,False,True,False,False,True,False
0,0,1,1,1.5718292524118322,1,0,0,0,0,0,0,0,0,-1.494098368940895,-0.4221945392216465,0,False,False,True,False,False,True,True,False,False,False
1,0,0,0,-0.4246248501273714,1,1,0,1,0,0,0,0,1,0.4670877898638917,-0.3013532925306717,0,False,True,False,True,False,False,False,False,False,True
0,0,1,0,-0.6283446565089229,1,1,1,0,0,0,0,0,0,0.4687498120323708,-0.4122237025103795,0,False,True,False,True,False,False,False,False,True,False
1,1,0,0,-0.0171852373642686,1,1,0,0,0,0,1,1,1,1.0421474601574994,0.3246917204466673,1,False,True,False,True,False,False,False,True,False,False
0,0,0,0,-0.9542963467194052,1,0,0,0,0,0,0,0,0,0.1413314448420797,-0.7199299000445903,0,False,True,False,True,False,False,False,False,True,False
0,0,0,0,-0.3838808888510611,1,1,0,0,0,0,0,0,0,-1.3295581742615106,-0.7358788269079666,0,False,False,True,False,True,False,False,True,False,False
1,0,1,0,0.5939741817803856,1,0,0,1,1,0,1,1,0,0.2925754621736353,0.5467854903781632,0,True,False,False,False,False,True,False,False,True,False
0,0,1,1,1.1236456783724194,1,0,0,1,1,1,1,1,1,0.525258565760644,1.1750585000542586,0,True,False,False,False,False,True,True,False,False,False
1,0,1,1,0.7162060656093164,0,0,1,0,0,0,1,0,1,-0.8425856788972709,-0.1155692509769314,0,True,False,False,True,False,False,False,True,False,False
0,1,1,0,1.368109446030281,1,1,0,0,1,1,1,1,1,1.367903805179311,2.070029332383492,1,False,True,False,False,True,False,False,True,False,False
1,1,1,0,0.8791819107145575,1,1,0,1,1,1,1,1,1,1.5174858003423883,1.6740635824559638,0,False,True,False,False,False,True,False,False,True,False
1,0,1,1,1.6125732136881423,1,1,0,0,0,0,0,0,0,-1.3528264846202114,-0.2420576972211901,0,False,False,True,False,False,True,False,True,False,False
0,0,0,1,-1.2802480369298874,1,0,0,0,0,0,1,0,1,0.4837080115486781,-0.9723553082017324,1,False,True,False,True,False,False,False,False,True,False
0,0,0,0,-1.2802480369298874,1,0,0,0,0,0,0,0,0,-0.6863555950602795,-0.9878851069732631,0,True,False,False,True,False,False,True,False,False,False
0,0,1,1,-0.6690886177852331,1,0,1,1,0,1,0,1,0,0.1147390901464217,-0.515505688090362,0,True,False,False,False,False,True,True,False,False,False
0,0,0,0,0.0643026851883519,1,1,0,0,0,1,1,0,0,0.0067076491953105,-0.0555015776035243,0,True,False,False,True,False,False,False,False,False,True
0,0,0,0,-1.1987601143772668,1,0,0,1,0,0,1,0,0,0.6299659623747981,-0.8982799328113904,1,False,True,False,True,False,False,False,False,True,False
0,0,0,0,-0.8320644628904743,1,1,1,0,0,0,0,0,1,0.4704118342008493,-0.59822833779667,1,False,True,False,True,False,False,False,False,True,False
0,1,1,0,-1.1172721918246462,1,1,0,0,0,0,0,0,1,0.3175057947008148,-0.8596539702418583,1,False,True,False,True,False,False,False,False,True,False
1,0,0,0,-1.2802480369298874,1,0,0,1,0,0,0,0,0,-0.4702927131580572,-0.9850173884501112,1,True,False,False,True,False,False,False,False,False,True
1,1,1,0,1.082901717096109,0,0,0,1,0,0,1,1,1,-0.4835888905058862,0.3150738337074805,0,True,False,False,True,False,False,False,False,True,False
1,0,0,0,-0.2616490050221303,1,1,0,0,0,1,0,0,1,0.5219345214236869,-0.0858111564559154,1,False,True,False,True,False,False,False,False,True,False
0,0,1,0,-1.2802480369298874,1,0,0,0,0,0,0,0,1,-1.4791401694245876,-0.9984074280159057,0,False,False,True,True,False,False,True,False,False,False
1,0,1,1,1.5718292524118322,1,0,1,1,1,0,1,1,1,1.3246912287988668,2.208187187079653,0,False,True,False,False,True,False,True,False,False,False
1,0,1,1,1.24587756220135,1,0,0,0,0,0,0,0,1,-1.517366679299596,-0.4880638277611227,0,False,False,True,False,False,True,False,False,False,True
0,0,1,1,-0.5876006952326126,1,0,0,0,0,0,0,0,0,-1.4741541029191516,-0.8498596085166314,0,False,False,True,True,False,False,False,False,False,True
0,0,0,1,-0.7505765403378537,1,1,1,0,0,1,0,0,1,0.7047569599563366,-0.4937992648074267,0,False,True,False,True,False,False,False,False,False,True
0,0,1,1,1.2866215234776603,1,1,0,1,1,0,0,1,1,0.9324539970379092,1.6312683983412335,0,False,True,False,False,True,False,False,False,True,False
0,0,1,0,0.960669833267178,1,1,1,0,0,0,1,1,1,1.1036422803912085,1.3179591200002492,0,False,True,False,False,True,False,False,False,True,False
1,0,0,1,-0.2616490050221303,0,0,0,1,0,0,1,0,1,-0.8259654572124846,-0.5556978661610001,0,True,False,False,False,True,False,True,False,False,False
1,0,0,0,0.8791819107145575,1,0,1,1,0,0,1,0,1,0.0166797822061822,0.5424839125934351,0,True,False,False,False,False,True,True,False,False,False
1,0,1,0,-1.1987601143772668,1,0,0,0,1,1,0,0,1,-0.299104429804758,-0.939178010826189,0,True,False,False,True,False,False,False,False,False,True
0,0,0,0,-1.2395040756535771,0,0,0,0,0,0,0,1,1,-1.000477784902741,-0.9798996138549476,1,True,False,False,True,False,False,False,False,True,False
0,0,1,0,0.3087664528462136,1,1,0,0,0,1,0,0,1,0.4670877898638917,0.3721634916914606,0,False,True,False,True,False,False,False,True,False,False
0,0,1,1,-0.1801610824695097,1,0,0,0,0,0,1,1,1,0.8410427777715843,0.1392606288650072,1,False,True,False,False,True,False,True,False,False,False
1,0,1,0,-0.4246248501273714,1,0,1,1,0,1,1,1,1,1.323029206630388,-0.045332206532962,0,False,True,False,True,False,False,False,False,True,False
1,0,0,0,1.490341329859212,1,1,0,0,0,0,0,0,0,-1.3578125511256471,-0.2515652870941018,0,False,False,True,False,False,True,True,False,False,False
0,0,1,1,-0.22090504374582,1,0,0,1,0,0,0,0,0,-0.4968850678537152,-0.4178709020636634,0,True,False,False,True,False,False,False,False,False,True
0,0,1,0,1.5718292524118322,0,0,1,1,1,1,1,1,0,0.0665404472605412,1.061430668417674,0,True,False,False,False,True,False,True,False,False,False
0,0,1,1,1.2051336009250395,1,0,1,0,1,1,1,0,1,0.1978401985703534,0.8736171645244722,0,True,False,False,False,True,False,True,False,False,False
1,0,0,1,-1.2802480369298874,1,0,0,0,0,0,0,0,1,-1.5123806127941604,-0.998848615481006,0,False,False,True,True,False,False,False,False,False,True
1,0,1,1,0.1865345690172827,1,0,0,0,0,0,0,0,0,-1.495760391109374,-0.6870173151481073,0,False,False,True,False,False,True,True,False,False,False
0,0,1,0,0.6754621043330061,0,0,0,1,0,1,1,1,1,-0.2824842081199717,0.2194023319004784,0,True,False,False,False,True,False,False,True,False,False
1,1,1,0,0.3495104141225239,0,0,0,1,1,0,1,1,1,-0.3605992500384672,-0.0299568233742163,0,True,False,False,True,False,False,False,False,True,False
0,0,0,0,1.24587756220135,1,1,1,1,1,0,1,1,0,1.4443568249293284,1.9839315985691663,0,False,True,False,True,False,False,False,True,False,False
0,0,1,1,-0.6283446565089229,1,1,0,0,1,0,1,0,0,0.779547957537875,-0.3629430626586749,1,False,True,False,True,False,False,False,False,True,False
1,0,0,1,-1.2802480369298874,1,0,0,0,0,0,0,0,1,-1.5073945462887242,-0.998782437361241,1,False,False,True,True,False,False,False,False,False,True
1,1,0,0,0.9199258719908678,1,1,1,0,0,0,1,1,1,1.1302346350868666,1.4711173485098217,1,False,True,False,True,False,False,False,False,True,False
0,0,1,0,-0.4246248501273714,1,0,0,0,0,0,0,0,1,0.1479795335159944,-0.321758212791561,1,False,True,False,True,False,False,False,False,True,False
0,0,0,0,-0.7098325790615434,0,0,1,1,1,1,0,0,0,-0.6281848191635273,-0.7014220858836323,0,True,False,False,False,True,False,False,False,False,True
0,0,0,0,0.1050466464646622,1,0,0,0,0,0,0,0,0,-1.5140426349626388,-0.7348640957382357,0,False,False,True,True,False,False,True,False,False,False
1,0,0,0,-1.2802480369298874,1,0,0,0,0,0,0,0,1,-1.4824642137615447,-0.9984515467624158,1,False,False,True,True,False,False,False,False,False,True
1,0,0,0,1.490341329859212,0,0,0,1,1,0,0,0,1,-0.96557531936469,0.0921859263388042,0,True,False,False,False,True,False,True,False,False,False
0,0,1,0,1.24587756220135,1,1,0,1,0,0,0,0,1,0.5568369869617381,1.2113902878052694,0,False,True,False,True,False,False,True,False,False,False
0,0,1,0,1.0421577558197987,1,1,0,1,1,0,0,1,1,0.9806526399237896,1.4677643237750588,0,False,True,False,False,True,False,False,False,True,False
1,0,0,0,1.368109446030281,1,1,0,0,0,0,0,0,0,-1.3079518860712882,-0.2577198522322511,0,False,False,True,False,True,False,True,False,False,False
0,0,1,1,0.4309983366751445,1,1,0,0,1,0,1,1,1,1.1468548567716528,0.8500136351416057,0,False,True,False,True,False,False,True,False,False,False
0,0,1,1,-0.2616490050221303,0,0,1,1,0,1,0,0,0,-0.8625299449190146,-0.5550802037098597,0,True,False,False,True,False,False,False,True,False,False
1,0,1,1,0.960669833267178,1,1,0,0,1,1,1,1,1,1.2764925859129863,1.5840613395755003,0,False,True,False,False,False,True,False,False,True,False
1,1,0,0,1.4495973685829016,1,1,0,1,1,0,0,1,1,1.033837349315106,1.8617667894828904,0,False,True,False,True,False,False,False,False,True,False
0,0,1,1,-0.5876006952326126,1,0,0,0,0,0,1,0,0,-0.2941183632993219,-0.5296457463468268,0,True,False,False,True,False,False,False,False,False,True
0,0,1,0,0.0643026851883519,1,1,1,1,0,1,0,0,0,-0.0714073927231852,-0.0037061692007479,1,True,False,False,True,False,False,False,False,True,False
1,1,1,0,0.227278530293593,0,0,0,0,0,0,0,0,1,-1.327896152093032,-0.5856986137878212,0,True,False,False,True,False,False,False,False,True,False
1,0,1,1,-1.2395040756535771,1,0,1,1,0,1,0,0,0,-0.176114789337339,-0.9497885693618516,0,True,False,False,False,False,True,False,False,False,True
1,0,1,1,-0.506112772679992,0,0,1,0,1,1,0,0,1,-0.8442477010657496,-0.6432073998636465,0,True,False,False,False,False,True,False,True,False,False
1,0,1,0,1.2866215234776603,1,1,0,1,0,1,0,1,1,0.17789593254861,0.9694651413175144,0,True,False,False,False,True,False,False,False,False,True
1,1,0,1,0.960669833267178,1,0,1,0,0,0,1,1,0,0.997272861608576,1.3151796389701171,0,False,True,False,False,True,False,False,True,False,False
0,0,0,0,1.4495973685829016,1,0,0,0,0,0,0,0,0,-1.472492080750673,-0.3787155145360109,0,False,False,True,False,False,True,False,True,False,False
1,0,1,0,-0.6283446565089229,1,1,0,1,1,0,1,1,1,1.254886297722764,-0.2385943756201527,0,False,True,False,True,False,False,False,False,True,False
1,0,1,1,0.5532302205040753,1,0,0,0,0,0,0,0,0,-1.4907743246039378,-0.626883463654935,0,False,False,True,False,False,True,False,True,False,False
0,1,0,0,-0.1801610824695097,1,1,0,1,1,0,1,1,1,1.374551893853226,0.3834799501712835,1,False,True,False,True,False,False,False,False,True,False
1,0,1,1,-1.2395040756535771,1,1,1,0,0,0,0,0,0,-0.2691880307721424,-0.9572666968953016,1,True,False,False,True,False,False,False,False,False,True
1,0,0,0,1.3273654847539706,1,1,0,1,1,1,1,1,1,1.4742732239619438,2.0550068991968256,1,False,True,False,True,False,False,False,False,True,False
1,0,1,1,-0.6283446565089229,1,0,1,0,1,0,1,0,1,0.8177744674128837,-0.3281774904087705,1,False,True,False,True,False,False,False,False,True,False
1,1,0,0,0.7569500268856267,1,0,0,0,1,0,1,1,1,0.970680506912918,1.156991873358401,0,False,True,False,False,True,False,True,False,False,False
1,0,0,0,1.1236456783724194,1,1,0,1,0,0,1,0,1,0.8343946890976701,1.3974169824648146,0,False,True,False,True,False,False,True,False,False,False
1,0,1,0,-0.6690886177852331,1,1,0,0,0,0,0,0,1,0.3008855730160285,-0.4407905908756245,1,False,True,False,True,False,False,True,False,False,False
1,1,1,0,-0.3431369275747509,1,1,1,0,0,0,0,0,1,0.4670877898638917,-0.2254690485334185,1,False,True,False,True,False,False,False,False,True,False
1,0,0,0,-1.2802480369298874,1,0,0,0,0,0,0,1,1,-0.3024284741417151,-0.9827893917513548,1,True,False,False,True,False,False,False,False,False,True
0,0,0,0,1.5718292524118322,1,0,1,1,1,1,1,0,0,0.4172271248095328,1.4412710164957856,0,True,False,False,False,False,True,False,True,False,False
0,0,1,1,0.8384379494382472,1,1,1,1,1,1,0,1,1,1.304746962777123,1.4484623721769203,0,False,True,False,False,False,True,True,False,False,False
0,0,0,0,-0.5876006952326126,1,1,1,0,1,0,0,0,1,-0.1395503016308091,-0.4971964082886991,0,True,False,False,True,False,False,False,False,False,True
0,0,0,1,1.4088534073065913,1,1,0,1,0,1,1,1,1,1.3895100933695332,2.188907294854769,0,False,True,False,False,True,False,True,False,False,False
0,1,0,0,-1.1580161531009563,1,1,0,0,0,0,1,1,1,0.9806526399237896,-0.8201015139956156,1,False,True,False,True,False,False,False,False,True,False
1,0,0,0,-0.9135523854430948,0,0,0,0,1,0,0,0,0,-1.173328090424519,-0.8947504330905879,1,True,False,False,True,False,False,False,False,False,True
1,0,1,1,0.4309983366751445,1,1,0,0,0,0,0,0,0,-1.3478404181147754,-0.5317855055525633,0,False,False,True,False,False,True,False,False,False,True
0,0,1,0,0.4309983366751445,1,1,0,1,0,0,0,0,0,0.5202724992552084,0.4921885415719998,0,False,True,False,True,False,False,False,False,True,False
0,0,0,0,1.1236456783724194,0,0,1,0,1,0,1,1,0,-0.3722334052178177,0.4207823503455148,0,True,False,False,False,False,True,False,False,True,False
1,0,0,0,-1.2802480369298874,1,0,0,0,0,1,0,0,1,0.3690284819236528,-0.9738774049563284,1,False,True,False,True,False,False,False,False,True,False
1,0,0,0,-1.0357842692720256,1,1,0,0,1,0,1,0,1,0.8526769329509349,-0.7455408323936632,1,False,True,False,True,False,False,False,False,True,False
0,0,0,0,-0.4653688114036817,1,0,0,1,1,0,0,1,1,0.8393807556031058,-0.1854754048220754,0,False,True,False,True,False,False,False,False,True,False
1,1,0,1,-1.2802480369298874,1,0,0,0,1,0,0,0,1,-0.4869129348428435,-0.9852379821826612,1,True,False,False,True,False,False,False,False,False,True
1,0,0,0,-1.1172721918246462,1,0,0,1,0,0,0,0,1,0.327477927711687,-0.8381019625717081,0,False,True,False,True,False,False,False,False,True,False
0,0,1,1,0.1457906077409725,1,1,1,1,1,1,1,1,1,0.934116019206388,0.4835192078827787,0,True,False,False,False,False,True,False,True,False,False
1,1,1,0,0.8384379494382472,1,1,1,0,0,1,0,0,1,-0.1578325454840742,0.4175175631037724,1,True,False,False,False,True,False,False,False,True,False
0,1,1,0,-1.2802480369298874,1,1,0,0,0,0,0,0,1,0.3208298390377723,-0.974517126780724,1,False,True,False,True,False,False,False,False,True,False
0,0,0,0,0.8384379494382472,1,0,0,1,1,1,0,1,1,0.9856387064292256,1.2174345560771436,0,False,True,False,False,True,False,False,True,False,False
0,0,1,0,0.7162060656093164,1,1,0,0,1,0,1,1,0,0.3623803932497382,0.7027673186643775,0,True,False,False,False,True,False,True,False,False,False
1,0,1,0,1.368109446030281,1,1,0,1,0,1,1,1,1,1.304746962777123,2.03241810098369,1,False,True,False,False,True,False,False,False,True,False
0,0,1,1,0.8791819107145575,1,1,0,1,1,0,0,0,1,-0.1661426563264673,0.4249295125174576,0,True,False,False,False,False,True,True,False,False,False
0,0,1,1,-0.1801610824695097,1,0,0,0,0,0,0,0,1,-1.504070501951767,-0.7674457900358936,0,False,False,True,True,False,False,True,False,False,False
0,0,0,0,-1.1580161531009563,1,0,0,0,0,0,0,0,1,-0.648129085185271,-0.920471662305936,1,True,False,False,True,False,False,False,False,False,True
0,0,0,0,0.3495104141225239,1,1,1,1,1,1,1,1,1,1.6521095959891574,0.990090655310954,1,False,True,False,True,False,False,True,False,False,False
0,0,1,1,-0.0986731599168891,1,0,1,0,0,1,0,1,0,0.0499202255757549,-0.1587394444369967,0,True,False,False,True,False,False,True,False,False,False
0,1,0,0,-1.2802480369298874,0,0,0,0,0,0,0,0,1,-1.3162619969136813,-0.9962456094369142,1,True,False,False,True,False,False,False,False,True,False
1,0,1,0,0.8791819107145575,1,1,1,1,1,0,1,1,0,1.4875694013097729,1.6922405060180965,0,False,True,False,True,False,False,False,False,True,False
1,0,1,1,-0.9950403079957154,1,0,0,0,0,0,0,0,0,-1.5024084797832884,-0.9522151004199032,0,False,False,True,False,False,True,False,True,False,False
1,1,1,0,0.9199258719908678,1,1,0,1,1,1,1,1,1,1.622193196956542,1.7688968280792752,0,False,True,False,False,False,True,False,False,True,False
0,0,0,1,1.24587756220135,1,0,0,0,0,0,0,0,0,-1.5057325241202455,-0.4712766447140559,0,False,False,True,False,False,True,False,True,False,False
1,0,0,0,1.4495973685829016,1,0,0,1,1,0,0,0,0,0.4920181223910713,1.402159747714643,0,False,True,False,False,True,False,False,True,False,False
0,0,1,1,-1.2395040756535771,1,0,0,0,0,0,0,0,1,0.2277565976029689,-0.9474723351700748,0,False,True,False,True,False,False,False,False,True,False
1,0,0,0,-1.076528230548336,1,0,0,0,0,0,0,0,0,-1.4691680364137156,-0.9559210751267458,0,False,False,True,False,True,False,False,False,False,True
0,0,0,0,-0.791320501614164,1,1,0,0,0,0,0,0,1,0.3391120828910372,-0.5664187215629376,1,False,True,False,True,False,False,False,False,False,True
1,0,0,0,1.6125732136881423,1,0,1,1,1,1,1,0,1,0.3424361272279943,1.3469671958305944,0,True,False,False,False,False,True,True,False,False,False
1,0,1,0,-0.6283446565089229,1,0,0,0,1,0,1,1,1,1.0587676818422855,-0.3066475421118754,0,False,True,False,False,True,False,True,False,False,False
1,1,0,0,-0.7098325790615434,1,0,0,1,0,0,0,0,1,0.3191678168692938,-0.5333958398001795,1,False,True,False,True,False,False,False,False,True,False
0,1,0,0,1.3273654847539706,1,1,0,1,1,0,1,0,1,1.0188791497987983,1.7382784180013138,0,False,True,False,True,False,False,True,False,False,False
1,0,0,0,1.0421577558197987,1,0,0,0,0,0,0,0,0,-1.4791401694245876,-0.5081599167964418,0,False,False,True,False,False,True,False,True,False,False
1,1,1,1,1.4495973685829016,1,1,0,1,1,0,0,0,1,0.6598823614074136,1.5001695430866768,0,False,True,False,True,False,False,False,False,True,False
0,0,1,1,1.368109446030281,1,0,1,1,0,1,0,0,1,-0.2193273657177834,0.6739136584468174,0,True,False,False,False,False,True,False,True,False,False
0,1,1,0,1.5310852911355222,1,1,1,0,0,0,0,1,1,0.8659731102987638,1.8471634843880704,0,False,True,False,True,False,False,False,False,True,False
0,0,0,0,-0.5468567339563023,0,0,0,1,0,0,0,1,1,-0.8342755680548777,-0.6940983739629673,0,True,False,False,True,False,False,False,False,True,False
1,0,1,0,-0.6283446565089229,0,0,0,0,1,1,1,1,0,-0.338992961848245,-0.5949414911816726,0,True,False,False,False,True,False,False,False,True,False
1,0,0,0,-0.4246248501273714,1,1,1,0,0,0,1,1,1,1.1950534996575333,-0.0830757941722936,1,False,True,False,True,False,False,False,False,True,False
1,1,0,0,0.6347181430566958,1,1,0,1,0,0,1,1,1,1.1368827237607813,1.0857842164912113,0,False,True,False,False,True,False,False,False,True,False
1,0,0,0,1.24587756220135,1,1,0,1,0,0,0,1,0,0.8526769329509349,1.5627740443844107,0,False,True,False,False,True,False,False,True,False,False
1,0,1,0,1.4088534073065913,1,1,0,1,1,0,0,1,1,0.9424261300487812,1.8022064816943488,0,False,True,False,False,False,True,False,False,True,False
0,1,1,0,1.4088534073065913,1,1,1,0,1,0,1,1,1,1.404468292885841,2.1438179359215184,0,False,True,False,False,True,False,False,True,False,False
0,0,1,0,1.4088534073065913,1,1,0,0,0,0,0,0,1,-1.3145999747452028,-0.2427194784188405,0,False,False,True,False,False,True,False,True,False,False
0,0,0,0,-1.1580161531009563,1,1,0,0,0,1,1,1,1,1.1983775439944904,-0.8312194381161434,0,False,True,False,True,False,False,False,False,False,True
1,0,1,0,0.3087664528462136,1,1,0,1,0,1,1,0,0,0.1978401985703534,0.2816759425993871,0,True,False,False,False,True,False,False,True,False,False
1,0,0,0,-1.1172721918246462,1,1,0,1,1,0,1,1,0,1.3064089849456015,-0.7682840462195841,1,False,True,False,True,False,False,False,False,False,True
1,0,0,0,-0.0986731599168891,1,1,0,0,0,1,0,1,1,0.8343946890976701,0.1940561120304657,0,False,True,False,True,False,False,False,True,False,False
0,0,0,0,1.5310852911355222,1,1,1,1,1,1,1,1,0,1.6870120615272086,2.5784317077918333,1,False,True,False,False,True,False,False,True,False,False
0,0,1,1,1.6125732136881423,1,1,0,0,0,0,0,0,0,-1.3262341299245533,-0.1871077984429466,0,False,False,True,False,False,True,False,False,False,True
0,0,0,0,-1.2802480369298874,1,0,0,1,0,0,0,0,1,-0.5384356220656811,-0.9859218227535668,0,True,False,False,True,False,False,False,False,True,False
1,0,0,0,-1.2802480369298874,1,0,0,0,0,0,1,1,1,0.7828720018748321,-0.9683846210158296,1,False,True,False,True,False,False,False,False,True,False
0,1,0,0,1.082901717096109,1,1,0,1,0,0,0,0,1,0.4787219450432425,1.0178413468657637,0,False,True,False,False,False,True,False,True,False,False
0,0,1,1,1.4495973685829016,1,1,0,0,0,0,1,0,1,0.6050356298476185,1.5011401555098975,1,False,True,False,False,True,False,False,False,True,False
0,0,1,0,0.8384379494382472,1,0,1,1,1,0,1,1,1,1.3728898716847469,1.5381778432050683,1,False,True,False,False,True,False,True,False,False,False
0,1,0,0,-0.9950403079957154,1,0,0,0,1,0,0,0,1,0.3075336616899431,-0.7425848763774912,0,False,True,False,True,False,False,True,False,False,False
0,0,0,0,-1.0357842692720256,1,0,1,1,0,1,1,1,1,0.4554536346845415,-0.7554234316119102,0,True,False,False,True,False,False,False,False,True,False
0,0,0,0,-1.2395040756535771,1,0,0,0,0,0,0,0,0,-1.509056568457203,-0.980429038813068,0,False,False,True,True,False,False,False,False,False,True
1,0,1,0,0.5939741817803856,1,0,0,0,0,0,0,0,0,-1.4924363467724169,-0.5913458133411051,0,False,False,True,False,True,False,True,False,False,False
0,0,1,0,-1.2395040756535771,1,0,1,1,0,0,1,0,0,0.8493528886139774,-0.923317321455833,0,False,True,False,True,False,False,False,False,True,False
0,0,1,1,0.7569500268856267,1,1,0,0,0,1,0,0,1,0.5302446322660801,0.8089611415140219,0,False,True,False,True,False,False,False,False,True,False
1,0,0,0,-0.5876006952326126,1,0,1,0,1,1,1,0,1,0.1180631344833788,-0.4339080664200597,0,True,False,False,True,False,False,False,False,True,False
1,0,0,0,0.0235587239120416,1,0,0,0,0,0,0,0,0,-1.477478147256109,-0.7030544795045035,0,False,False,True,False,False,True,False,False,False,True
0,0,0,0,1.1236456783724194,1,1,0,0,0,0,0,0,0,-1.322910085587596,-0.3433543392082212,0,False,False,True,False,False,True,False,False,False,True
0,0,0,0,1.6125732136881423,1,1,1,1,1,1,1,1,1,1.6654057733369867,2.741274001160358,0,False,True,False,False,False,True,False,False,True,False
0,0,0,0,-1.2802480369298874,1,0,1,0,0,0,0,0,1,-0.543421688571117,-0.985988000873332,0,True,False,False,True,False,False,True,False,False,False
1,0,1,1,0.6347181430566958,1,1,0,0,0,0,0,0,0,-1.2796975092071516,-0.4580630801343017,0,False,False,True,False,False,True,True,False,False,False
1,0,1,1,-1.0357842692720256,0,0,1,0,0,1,0,0,1,-1.0071258735766555,-0.8841619339281805,1,True,False,False,True,False,False,False,False,True,False
1,0,0,0,0.8384379494382472,1,1,0,0,0,0,0,0,0,-1.336206262935425,-0.4430847656941461,0,False,False,True,False,False,True,False,False,False,True
1,1,1,0,0.5532302205040753,0,0,0,1,1,1,1,1,1,-0.16281861198951,0.2353071400173447,1,True,False,False,False,True,False,True,False,False,False
0,0,0,0,-0.8728084241667845,1,0,1,0,0,1,0,0,1,-0.338992961848245,-0.7347758582452157,0,True,False,False,False,True,False,False,False,False,True
1,1,1,0,-1.2395040756535771,1,0,0,0,1,0,1,1,1,1.0205411719672768,-0.9272218305219706,0,False,True,False,True,False,False,False,True,False,False
0,0,1,0,1.0421577558197987,1,1,1,1,1,0,1,1,1,1.524133889016303,1.8721126355394928,0,False,True,False,False,True,False,False,True,False,False
0,0,0,0,-1.2395040756535771,1,0,0,0,0,0,0,0,0,-1.4907743246039378,-0.9905322317638652,0,False,False,True,True,False,False,False,False,False,True
1,0,1,1,1.5310852911355222,0,0,1,0,1,1,1,1,0,-0.176114789337339,0.8212702717903207,0,True,False,False,False,False,True,True,False,False,False
0,0,1,1,-1.0357842692720256,1,0,1,1,1,0,1,0,0,0.154627622189909,-0.7968950533313393,0,True,False,False,False,True,False,False,False,True,False
1,0,1,0,1.6125732136881423,1,1,1,1,1,1,1,1,1,1.638813418641328,2.5602547842297003,0,False,True,False,False,False,True,False,True,False,False
1,0,1,0,0.960669833267178,1,0,0,0,0,0,1,1,0,0.8277466004237555,1.1778159217111357,0,False,True,False,True,False,False,False,False,False,True
0,0,1,0,1.6125732136881423,1,1,1,1,1,1,0,0,1,0.978990617755311,2.0146603055134027,0,False,True,False,False,False,True,True,False,False,False
0,0,0,0,0.3902543753988342,1,1,0,0,1,1,1,1,1,0.453791612516063,0.480938261211942,0,True,False,False,False,False,True,False,True,False,False
0,1,0,0,0.4309983366751445,1,0,1,1,0,1,1,1,1,1.4410327805923713,1.0224076371295516,1,False,True,False,True,False,False,False,True,False,False
1,0,0,0,-0.5876006952326126,1,0,0,0,0,0,0,0,0,-1.487450280266981,-0.849197827318981,0,False,False,True,True,False,False,False,False,False,True
1,0,0,0,-0.0986731599168891,1,0,1,1,1,0,0,0,1,0.6482482062280629,0.0685162188361726,0,False,True,False,True,False,False,False,True,False,False
1,0,1,1,-0.3023929662984406,1,1,0,0,0,1,0,0,1,-0.3223727401634587,-0.3605385909738783,0,True,False,False,False,True,False,False,False,False,True
1,0,0,0,-0.9542963467194052,1,0,0,0,0,1,1,1,1,1.033837349315106,-0.6423029655601908,0,False,True,False,True,False,False,True,False,False,False
1,0,0,1,1.5718292524118322,1,1,1,0,1,0,1,1,0,1.3928341377064908,2.249592630679317,0,False,True,False,False,False,True,True,False,False,False
1,0,1,1,1.5718292524118322,1,1,1,1,0,1,0,0,1,0.0682024694290198,1.0877033819643973,0,True,False,False,False,True,False,False,True,False,False
0,0,1,0,1.5718292524118322,1,0,1,1,1,1,1,1,1,0.6648684279128493,1.6600999991855392,0,True,False,False,False,True,False,True,False,False,False
0,0,1,1,1.0421577558197987,1,1,0,1,0,0,1,0,1,0.0665404472605412,0.7443271778768267,0,True,False,False,True,False,False,True,False,False,False
0,0,0,1,1.1643896396487294,1,1,0,0,0,0,0,0,1,-1.322910085587596,-0.3463102952243933,0,False,False,True,False,False,True,False,True,False,False
0,0,0,0,-0.4246248501273714,1,1,0,0,0,0,1,0,1,0.6432621397226272,-0.2035420315179331,0,False,True,False,True,False,False,True,False,False,False
1,0,1,1,-0.506112772679992,1,0,0,0,1,0,0,0,1,-0.5051951786961084,-0.5927355538561712,0,True,False,False,True,False,False,False,False,True,False
1,0,0,0,-0.2616490050221303,1,0,0,0,0,0,0,0,1,-1.4675060142452372,-0.7446363980902077,0,False,False,True,False,True,False,False,True,False,False
1,0,1,1,-0.0986731599168891,1,1,0,1,0,1,0,0,1,0.6233178737008834,0.1265764892433733,0,False,True,False,True,False,False,True,False,False,False
1,0,1,1,-1.2395040756535771,1,0,0,0,0,0,1,1,1,0.8227605339183194,-0.9255011994080794,1,False,True,False,True,False,False,True,False,False,False
0,1,1,0,0.9199258719908678,1,1,0,0,0,0,0,0,0,-0.4370522697884845,0.2449691455030415,0,True,False,False,True,False,False,True,False,False,False
1,0,1,0,1.490341329859212,0,0,1,0,1,1,1,1,0,-0.1511844568101595,0.781872231156863,0,True,False,False,False,False,True,True,False,False,False
0,1,1,0,-1.2802480369298874,1,0,0,0,0,0,0,0,1,0.1579516665268661,-0.9766789453597152,1,False,True,False,True,False,False,False,False,True,False
0,0,1,1,0.797693988161937,1,1,0,0,0,0,0,0,1,-1.3212480634191175,-0.4469451560137738,0,False,False,True,False,False,True,True,False,False,False
0,0,0,0,-1.1987601143772668,1,0,0,1,0,1,1,1,1,1.1003182360542514,-0.8682571258113143,1,False,True,False,True,False,False,False,False,True,False
1,0,1,1,0.4309983366751445,1,0,0,0,0,0,0,0,1,-1.5157046571311177,-0.6648917637733267,0,False,False,True,False,True,False,False,False,False,True
1,1,1,0,-0.6283446565089229,1,1,0,0,1,0,1,1,1,1.1850813666466615,-0.2915589308054448,1,False,True,False,True,False,False,False,True,False,False
1,0,0,0,-0.2616490050221303,1,0,0,0,0,1,1,0,0,-0.1777768115058176,-0.3424940236512755,0,True,False,False,False,True,False,False,True,False,False
0,0,1,0,-0.9542963467194052,1,0,0,0,0,0,1,1,0,0.8194364895813623,-0.630986507080368,1,False,True,False,True,False,False,False,False,True,False
0,0,0,0,0.512486259227765,1,1,0,0,1,0,0,1,1,0.8144504230759262,0.8421604982628201,0,False,True,False,True,False,False,False,True,False,False
0,1,0,0,0.512486259227765,1,1,0,0,1,0,1,1,1,1.241590120374935,1.0818135293053086,0,False,True,False,False,True,False,True,False,False,False
0,0,0,0,0.0235587239120416,1,1,1,0,0,1,0,0,0,-0.1794388336742964,-0.1458126517095576,0,True,False,False,False,True,False,False,False,True,False
0,0,1,0,0.8384379494382472,1,1,0,1,1,1,1,1,1,1.4676251352880292,1.5154346293791474,0,False,True,False,False,True,False,True,False,False,False
0,1,1,1,1.3273654847539706,1,1,0,0,1,1,1,1,1,1.2997608962716871,1.9781961615228625,0,False,True,False,False,True,False,True,False,False,False
1,0,0,0,0.4309983366751445,1,1,0,0,0,1,1,1,1,1.1701231671303538,0.8507195350857664,1,False,True,False,False,True,False,False,False,True,False
0,0,1,0,-0.9135523854430948,1,0,0,0,1,0,1,1,1,0.0997808906301139,-0.7192019407271748,0,True,False,False,True,False,False,False,True,False,False
1,0,1,1,0.797693988161937,1,0,0,0,0,0,0,0,1,-1.4608579255713223,-0.5345870459559503,0,False,False,True,False,True,False,False,True,False,False
1,0,0,0,-0.8728084241667845,1,1,0,0,1,0,0,0,0,-0.3672473387123819,-0.7391215547764538,1,True,False,False,True,False,False,False,False,True,False
0,1,0,0,-0.22090504374582,1,1,0,0,0,0,0,1,1,0.679826627429157,0.0017424959932408,1,False,True,False,True,False,False,False,False,True,False
1,0,0,0,-0.3431369275747509,1,0,0,0,0,0,1,1,1,0.8493528886139774,-0.0197653929303992,1,False,True,False,True,False,False,False,False,True,False
1,0,0,0,-1.2802480369298874,1,0,0,0,0,0,0,1,1,0.480383967211721,-0.9723994269482424,1,False,True,False,True,False,False,False,False,True,False
0,0,0,0,1.3273654847539706,1,1,1,1,1,0,1,1,1,1.5374300663641316,2.128155780910457,0,False,True,False,True,False,False,False,True,False,False
0,0,0,0,-1.2802480369298874,1,0,0,0,1,0,0,0,0,0.3573943267443021,-0.9740318205691134,0,False,True,False,True,False,False,False,False,True,False
0,0,1,0,1.4495973685829016,1,1,1,1,1,1,1,1,0,1.7883954138044051,2.517746371967285,0,False,True,False,False,False,True,False,False,False,True
1,1,1,0,-0.7098325790615434,1,1,1,0,1,0,1,0,1,1.0537816153368496,-0.3931202852715361,0,False,True,False,True,False,False,False,False,True,False
1,0,0,0,0.1457906077409725,1,0,0,1,0,1,0,1,1,0.0200038265431398,0.0948992292491712,1,True,False,False,False,True,False,False,False,False,True
1,0,0,0,-1.1580161531009563,1,0,0,0,0,0,0,0,0,-0.6730594177124505,-0.9099714006365486,0,True,False,False,True,False,False,False,False,False,True
0,0,0,0,0.5532302205040753,1,1,0,1,1,0,0,1,1,0.975666573418354,0.9375893469640172,0,False,True,False,False,True,False,False,False,True,False
1,0,1,0,-0.5876006952326126,1,0,0,0,1,0,0,0,1,-0.5068572008645872,-0.6198465235865852,1,True,False,False,True,False,False,False,False,False,True
1,1,1,1,0.1050466464646622,1,0,0,1,0,1,1,1,1,0.3740145484290884,0.204666670566128,0,True,False,False,True,False,False,False,False,True,False
0,0,1,1,0.5939741817803856,1,0,0,0,0,0,0,0,0,-1.5123806127941604,-0.6144860958856163,0,False,False,True,False,False,True,True,False,False,False
0,0,1,1,0.3902543753988342,1,0,0,0,1,0,1,1,1,0.9091856866792086,0.7024143686922973,0,False,True,False,True,False,False,False,False,True,False
0,0,0,0,-1.2802480369298874,1,0,0,0,0,0,0,0,0,-1.4974224132778524,-0.9986500811217108,0,False,False,True,True,False,False,False,False,False,True
0,0,0,0,1.1643896396487294,1,1,1,0,1,1,1,1,0,0.7197151594726443,1.2759139545761895,0,True,False,False,False,False,True,False,True,False,False
0,0,0,0,1.6125732136881423,1,0,1,1,1,1,0,1,1,0.2726311961518919,1.3155767076887073,0,True,False,False,False,False,True,False,True,False,False
0,0,1,0,-0.7098325790615434,1,0,0,0,0,0,0,0,0,-1.4741541029191516,-0.8614187201022596,0,False,False,True,True,False,False,False,True,False,False
1,0,0,0,-1.1580161531009563,1,0,0,0,1,1,1,1,1,0.3191678168692938,-0.8751396502668791,1,True,False,False,True,False,False,False,False,True,False
0,0,0,0,-0.8728084241667845,1,0,0,0,0,0,0,0,0,-1.4891123024354591,-0.9138538503294314,0,False,False,True,False,True,False,False,False,False,True
0,0,0,0,-0.5876006952326126,1,0,0,0,0,0,0,0,1,0.2094743537497036,-0.4568718739785308,0,False,True,False,True,False,False,False,False,True,False
0,0,1,0,1.2051336009250395,1,1,0,0,1,0,1,1,1,1.2149977656792768,1.7124248325464355,0,False,True,False,True,False,False,False,False,True,False
0,0,1,0,-1.2395040756535771,1,0,0,0,0,0,0,0,1,0.1862060433910031,-0.939067713959914,0,False,True,False,True,False,False,False,True,False,False
0,1,1,0,-0.3023929662984406,1,0,0,1,1,0,0,1,0,0.7845340240433111,-0.0406556194028988,0,False,True,False,True,False,False,True,False,False,False
1,0,0,0,-0.7098325790615434,1,1,1,0,0,0,1,1,1,1.160151034119482,-0.3161330726115321,0,False,True,False,True,False,False,False,False,True,False
1,0,0,0,1.6125732136881423,1,1,0,1,1,1,1,1,1,0.7911821127172253,1.728859065621422,0,True,False,False,False,False,True,True,False,False,False
1,0,0,0,-0.4653688114036817,1,0,1,0,1,0,1,0,0,0.0183418043746608,-0.3789361082685611,0,True,False,False,True,False,False,True,False,False,False
0,0,1,0,1.490341329859212,1,1,0,0,0,0,0,0,0,-1.3478404181147754,-0.2830219533557539,0,False,False,True,False,False,True,True,False,False,False
0,0,1,0,0.6347181430566958,1,0,0,0,1,1,1,1,1,1.1717851892988325,1.125336672737454,0,False,True,False,True,False,False,False,True,False,False
1,0,1,1,-0.0171852373642686,0,0,0,0,1,0,1,1,0,-0.4719547353265357,-0.2778821193873352,0,True,False,False,True,False,False,False,True,False,False
1,0,1,1,-1.0357842692720256,1,0,1,0,0,0,1,1,0,0.1629377330323022,-0.7796446234459171,0,True,False,False,True,False,False,False,True,False,False
0,0,1,0,1.0014137945434884,1,1,0,1,1,1,1,0,0,0.325815905543208,0.9201624420925548,0,True,False,False,False,True,False,True,False,False,False
0,0,0,1,-0.5876006952326126,1,0,0,0,0,0,0,0,0,-1.4841262359300234,-0.834925412822986,1,False,False,True,False,True,False,True,False,False,False
1,0,0,0,-0.9135523854430948,0,0,0,1,0,1,0,0,0,-0.96557531936469,-0.8353886596613413,0,True,False,False,True,False,False,False,False,True,False
0,0,0,0,-1.2395040756535771,1,1,0,0,1,0,0,0,0,0.525258565760644,-0.9386265264948136,1,False,True,False,True,False,False,False,False,False,True
1,0,0,0,-1.2802480369298874,1,0,0,0,0,1,0,0,1,0.3158437725323362,-0.9745833049004888,0,False,True,False,True,False,False,False,False,False,True
0,1,0,0,0.797693988161937,1,1,1,0,1,0,0,0,0,-0.1644806341579885,0.3617514675150933,0,True,False,False,False,False,True,True,False,False,False
0,0,0,0,-0.8728084241667845,1,1,0,0,0,1,1,0,0,0.8427047999400633,-0.5714923774115912,1,False,True,False,True,False,False,False,False,True,False
0,0,1,0,1.0421577558197987,1,1,0,1,0,1,0,0,1,-0.16281861198951,0.5390426503656527,0,True,False,False,False,False,True,False,True,False,False
0,1,1,0,-0.0171852373642686,1,1,0,0,0,0,1,1,1,0.9440881522172598,0.285756926651565,1,False,True,False,True,False,False,False,False,True,False
0,0,1,1,-1.1987601143772668,1,1,0,1,1,0,1,0,1,0.1446554891790373,-0.9036844792588692,0,True,False,False,True,False,False,True,False,False,False
1,0,1,0,1.368109446030281,1,1,0,1,1,0,1,1,1,1.3363253839782172,2.1397369518693403,1,False,True,False,True,False,False,False,True,False,False
1,0,0,0,-0.8320644628904743,1,1,0,0,0,0,1,1,1,1.0388234158205416,-0.5008362048757767,1,False,True,False,True,False,False,False,False,True,False
1,0,0,0,-0.5468567339563023,0,0,0,0,1,0,1,0,1,-0.8359375902233565,-0.68381870602613,1,True,False,False,True,False,False,False,False,True,False
1,0,1,1,1.490341329859212,1,1,0,1,1,0,1,0,0,1.02885128280967,1.865318348576948,0,False,True,False,False,True,False,False,True,False,False
1,0,0,0,-0.9135523854430948,1,0,0,0,0,0,0,0,0,-1.4891123024354591,-0.9196995842420104,0,False,False,True,True,False,False,False,True,False,False
0,1,1,1,-0.0171852373642686,1,1,0,1,0,0,1,1,1,1.183419344478183,0.4122233135225688,0,False,True,False,True,False,False,False,False,True,False
1,0,0,0,-0.9135523854430948,1,0,0,0,0,0,0,0,1,-0.6398189743428778,-0.8297414601080574,1,True,False,False,True,False,False,False,False,True,False
1,0,1,0,1.2866215234776603,1,1,0,1,1,1,1,0,1,0.375676570597567,1.1186306232679293,0,True,False,False,False,False,True,True,False,False,False
1,0,1,1,-1.1580161531009563,0,0,1,0,0,0,1,0,0,-0.8725020779298864,-0.9384941702552836,0,True,False,False,True,False,False,False,True,False,False
1,0,1,1,0.1457906077409725,1,0,0,0,0,0,0,0,0,-1.5073945462887242,-0.6744875911392585,0,False,False,True,False,False,True,False,True,False,False
1,0,1,1,-0.9950403079957154,1,0,0,0,1,0,0,0,1,-0.4569965358102282,-0.8242486761675585,1,True,False,False,True,False,False,False,False,True,False
1,0,0,0,-0.0171852373642686,1,0,0,0,0,0,1,1,0,0.8726211989726784,0.2595062724780966,0,False,True,False,True,False,False,False,False,True,False
0,0,1,1,-1.2395040756535771,0,0,0,0,0,0,0,0,1,-1.3428543516093396,-0.9912381317080255,1,True,False,False,True,False,False,False,False,False,True
0,0,1,1,-0.5876006952326126,1,1,0,0,0,0,0,0,1,-1.3345442407669466,-0.799409821882411,0,False,False,True,False,False,True,False,True,False,False
0,0,1,1,0.797693988161937,1,0,0,0,0,0,0,0,0,-1.485788258098502,-0.5314325555804831,0,False,False,True,False,False,True,True,False,False,False
0,0,1,0,-0.3431369275747509,1,1,1,1,1,0,0,0,0,0.0499202255757549,-0.3193537411067643,0,True,False,False,True,False,False,False,False,False,True
1,0,0,0,-1.2802480369298874,1,0,0,0,0,0,0,1,1,-0.3173866736580229,-0.9829879261106498,0,True,False,False,True,False,False,False,False,True,False
1,0,0,0,-1.0357842692720256,1,0,0,0,0,0,0,0,1,-1.509056568457203,-0.9329572675682748,0,False,False,True,True,False,False,False,False,False,True
0,1,0,0,-0.9950403079957154,1,1,0,0,0,1,1,1,1,1.17510923363579,-0.6065226621405558,0,False,True,False,True,False,False,False,True,False,False
0,0,1,1,-0.7505765403378537,1,0,0,0,0,0,0,0,0,0.1795579547170885,-0.5456608513299681,0,False,True,False,True,False,False,False,False,True,False
1,0,0,0,-0.791320501614164,1,0,0,0,0,0,0,0,0,-1.5123806127941604,-0.8928092082441466,0,False,False,True,False,True,False,False,True,False,False
1,0,1,1,0.3087664528462136,1,1,1,1,0,1,1,1,1,1.5058516451630377,0.9643473667223512,0,False,True,False,True,False,False,False,True,False,False
0,0,1,0,1.24587756220135,1,0,1,0,1,0,0,0,1,0.5435408096139093,1.2976203778591249,0,False,True,False,False,True,False,False,True,False,False
1,0,1,0,-0.6283446565089229,1,1,0,1,0,0,0,0,1,0.5219345214236869,-0.4175400114648381,0,False,True,False,True,False,False,True,False,False,False
0,0,1,0,-0.5468567339563023,1,1,0,0,0,0,1,0,1,0.7330113368204731,-0.3171698631545178,0,False,True,False,True,False,False,False,False,True,False
0,0,0,0,-0.8320644628904743,1,0,0,0,0,0,0,0,1,-0.6564391960276642,-0.7765783705634701,0,True,False,False,True,False,False,False,False,True,False
0,0,1,1,0.4309983366751445,1,1,0,0,0,0,0,0,1,-1.3411923294408608,-0.5691982025930695,0,False,False,True,False,True,False,True,False,False,False
0,0,0,0,-0.5876006952326126,1,1,0,1,0,0,1,0,1,0.8377187334346272,-0.3335158587364843,1,False,True,False,True,False,False,False,True,False,False
1,0,0,0,0.1050466464646622,1,1,0,0,0,0,0,0,1,-1.3029658195658524,-0.609743330635788,0,False,False,True,True,False,False,False,False,True,False
0,0,1,1,0.3902543753988342,1,1,0,0,0,0,1,1,1,0.9773285955868324,0.8395795515919835,1,False,True,False,True,False,False,False,False,True,False
0,0,0,0,1.1643896396487294,1,1,1,1,1,1,1,1,0,0.8260845782552769,1.3347683624205706,0,True,False,False,False,False,True,False,False,True,False
0,0,0,0,0.2680224915699033,1,0,1,0,1,1,1,0,1,1.0222031941357554,0.6218755969382357,1,False,True,False,False,True,False,False,False,True,False
1,0,0,0,-0.4653688114036817,1,1,0,1,0,0,0,0,1,0.5834293416573961,-0.1899093388463336,1,False,True,False,True,False,False,False,False,True,False
1,0,0,1,-1.2802480369298874,1,0,0,0,0,0,0,0,0,-1.46418196990828,-0.9982088936566104,0,False,False,True,True,False,False,False,False,False,True
0,0,1,1,1.0421577558197987,0,0,1,0,1,1,1,1,0,-0.1678046784949459,0.5916542555788645,0,True,False,False,False,False,True,False,False,False,True
1,0,0,1,-1.2802480369298874,1,0,0,0,0,0,0,0,1,-1.4808021915930665,-0.9984294873891606,0,False,False,True,True,False,False,False,False,False,True
1,0,0,0,0.8384379494382472,1,0,0,0,0,0,0,0,0,-1.5057325241202455,-0.5438961014695668,0,False,False,True,False,False,True,False,True,False,False
0,0,0,0,-0.3023929662984406,1,1,0,0,0,0,0,0,0,-1.3312201964299892,-0.7020176889615178,1,False,False,True,False,False,True,False,True,False,False
0,0,1,0,1.2866215234776603,1,1,0,0,1,1,0,0,0,-0.2143412992123476,0.6499351197186154,0,True,False,False,False,True,False,True,False,False,False
0,0,0,0,-1.2802480369298874,1,1,0,0,0,0,0,1,1,-0.1545085011471169,-0.9808261075316582,1,True,False,False,True,False,False,False,False,True,False
1,1,0,0,-1.1580161531009563,1,0,0,0,0,0,0,0,0,0.1513035778529514,-0.8919268333139458,0,False,True,False,True,False,False,False,False,True,False
0,0,1,1,-1.1172721918246462,0,0,0,1,0,0,0,0,1,-1.1400876470549464,-0.9335969893926702,0,True,False,False,True,False,False,False,False,True,False
0,0,1,0,0.4717422979514547,1,1,1,1,1,1,0,0,1,1.0072449946194475,0.7841002278556196,0,False,True,False,True,False,False,False,True,False,False
1,0,0,0,-0.0579291986405789,1,1,0,1,1,0,1,1,1,1.2848026967553796,0.3455157687994019,1,False,True,False,False,True,False,False,False,True,False
0,0,0,0,-1.2395040756535771,1,0,0,1,0,0,1,0,1,0.7429834698313453,-0.92629533684526,1,False,True,False,True,False,False,True,False,False,False
1,0,1,1,1.5718292524118322,1,1,1,1,1,1,1,1,1,1.703632283211995,2.653389458112376,0,False,True,False,False,False,True,True,False,False,False
0,0,1,1,1.6125732136881423,1,0,1,1,1,1,1,1,0,0.6814886495976356,1.6967626775353746,0,True,False,False,False,False,True,True,False,False,False
0,0,1,1,0.960669833267178,1,1,1,1,0,0,0,1,0,0.131359311831208,0.6759431207862787,0,True,False,False,False,True,False,True,False,False,False
1,0,1,0,-0.3431369275747509,1,0,0,0,0,0,0,0,0,-1.485788258098502,-0.7718135459403866,0,False,False,True,False,True,False,False,False,False,True
0,0,0,0,-0.4246248501273714,1,0,1,0,0,0,0,0,1,-0.498547090022194,-0.5445358232939623,0,True,False,False,True,False,False,False,False,True,False
1,0,1,0,0.0235587239120416,1,1,1,1,1,0,1,0,1,0.2643210853094987,0.0724207279023103,0,True,False,False,True,False,False,True,False,False,False
1,0,0,0,0.8791819107145575,1,1,1,0,1,1,1,1,0,0.7413214476628662,1.081747351185543,0,True,False,False,False,False,True,True,False,False,False
1,0,1,1,-0.2616490050221303,1,0,0,0,0,0,0,0,1,-1.487450280266981,-0.7841667949631953,0,False,False,True,False,True,False,True,False,False,False
1,0,0,0,-0.5876006952326126,1,1,1,0,1,0,1,0,0,0.1562896443583875,-0.4782032879161307,0,True,False,False,True,False,False,False,False,False,True
0,1,0,0,-1.2802480369298874,0,0,0,0,0,0,1,0,1,-0.9423070090059888,-0.9912822504545356,1,True,False,False,True,False,False,False,False,True,False
0,0,0,0,-0.6690886177852331,1,1,0,0,0,0,0,0,0,0.2609970409725416,-0.4804533439881424,1,False,True,False,True,False,False,False,False,True,False
1,0,0,0,-1.2802480369298874,1,0,1,0,0,0,0,0,0,-0.5002091121906725,-0.9854144571687016,0,True,False,False,True,False,False,False,False,True,False
1,0,0,1,-0.22090504374582,1,0,0,0,0,0,0,0,0,-1.499084435446331,-0.7826667575818543,0,False,False,True,False,False,True,False,True,False,False
0,0,1,0,-0.6690886177852331,1,1,0,1,0,0,1,1,1,1.1701231671303538,-0.330251071494742,1,False,True,False,True,False,False,False,False,True,False
1,0,0,0,0.1050466464646622,1,1,1,0,0,0,0,0,0,-0.3173866736580229,-0.1584747319579365,0,True,False,False,False,False,True,False,False,False,True
0,0,1,1,0.1457906077409725,1,1,0,1,1,0,1,0,1,1.082035992200986,0.5182186020129181,1,False,True,False,True,False,False,True,False,False,False
1,1,1,0,0.1865345690172827,1,1,0,0,0,0,1,1,1,0.9208198418585588,0.525057007721973,1,False,True,False,True,False,False,False,False,True,False
1,1,1,0,0.7162060656093164,1,1,1,1,1,0,1,0,1,1.233280009532542,1.3157090639282374,0,False,True,False,False,True,False,True,False,False,False
1,0,0,1,-0.1394171211931994,0,0,1,1,1,1,0,0,1,-0.6581012181961428,-0.4592101675435624,0,True,False,False,True,False,False,False,False,False,True
0,1,0,0,-1.2802480369298874,1,0,0,0,0,0,0,0,1,0.1479795335159944,-0.9768113015992456,1,False,True,False,True,False,False,False,False,True,False
0,1,0,0,0.960669833267178,1,1,1,0,1,1,0,1,0,0.280941306994285,0.7812986874522325,0,True,False,False,False,False,True,True,False,False,False
0,1,0,0,-1.1172721918246462,1,1,0,0,0,0,1,0,1,0.6100216963530546,-0.8105718647494489,1,False,True,False,True,False,False,False,True,False,False
0,0,1,1,-0.506112772679992,1,1,1,0,0,0,1,1,0,0.3723525262606099,-0.3064269483793252,0,True,False,False,False,True,False,True,False,False,False
0,0,1,0,0.0235587239120416,1,0,0,0,0,0,0,0,0,-1.487450280266981,-0.7120105850460398,0,False,False,True,True,False,False,False,False,False,True
1,0,0,0,0.8791819107145575,0,0,1,1,0,0,0,1,0,-0.6182126861526555,0.0655823221932555,0,True,False,False,False,False,True,True,False,False,False
1,0,1,0,1.2051336009250395,1,0,0,1,1,1,0,0,1,-0.1545085011471169,0.6485012604570394,0,True,False,False,False,False,True,False,True,False,False
1,0,0,0,1.4088534073065913,1,0,0,0,0,0,0,0,1,-1.495760391109374,-0.4288344105714061,0,False,False,True,False,False,True,False,False,False,True
1,1,1,0,1.6125732136881423,0,0,1,1,1,1,1,1,1,-0.0115745946579542,1.0402316107196043,0,True,False,False,False,False,True,False,True,False,False
1,0,1,1,1.490341329859212,1,1,0,0,0,0,0,0,0,-1.3411923294408608,-0.2493152310220902,0,False,False,True,False,False,True,True,False,False,False
0,0,0,1,0.6754621043330061,1,0,0,0,0,0,0,0,0,-1.4741541029191516,-0.5553007974424098,0,False,False,True,False,False,True,False,True,False,False
1,1,0,0,0.1050466464646622,1,0,0,0,1,1,1,1,1,0.2726311961518919,0.0829209895716977,0,True,False,False,False,True,False,False,False,True,False
0,0,1,1,1.490341329859212,1,1,0,1,1,0,1,1,1,1.301422918440166,2.2781154002980526,1,False,True,False,True,False,False,False,False,True,False
0,1,0,0,0.3495104141225239,1,1,1,1,1,0,1,1,1,1.6088970196087131,1.0615850840304593,1,False,True,False,True,False,False,False,False,True,False
0,0,0,0,1.0421577558197987,1,1,1,1,1,1,0,0,1,0.2094743537497036,0.8893896164018084,0,True,False,False,False,True,False,False,True,False,False
1,0,1,1,-1.2802480369298874,1,0,0,0,0,0,0,0,1,0.1945161542333963,-0.976193639148105,1,False,True,False,True,False,False,False,False,False,True
1,0,0,0,-0.8320644628904743,1,0,0,0,0,0,0,0,0,-1.487450280266981,-0.8902503209465648,0,False,False,True,True,False,False,False,True,False,False
1,0,0,1,1.368109446030281,1,0,0,0,0,0,0,0,0,-1.4708300585821945,-0.408628024669812,0,False,False,True,False,False,True,False,False,False,True
0,1,0,0,-1.0357842692720256,1,0,0,1,0,0,0,0,1,-0.448686424967835,-0.8223515700676272,0,True,False,False,True,False,False,False,False,False,True
0,1,1,0,0.8791819107145575,1,1,1,1,1,1,1,1,1,1.6886740836956873,1.829935113875903,0,False,True,False,False,True,False,True,False,False,False
1,0,1,1,1.6125732136881423,1,0,0,0,0,0,0,0,0,-1.4907743246039378,-0.4237386953494976,0,False,False,True,False,False,True,True,False,False,False
1,0,1,0,0.3902543753988342,1,1,0,0,1,1,1,1,1,1.374551893853226,0.9835831402007243,1,False,True,False,True,False,False,True,False,False,False
0,0,1,0,-1.2395040756535771,1,0,1,0,0,0,0,0,1,0.3191678168692938,-0.9458620009224588,1,False,True,False,True,False,False,False,False,True,False
1,0,0,0,-0.9135523854430948,1,0,0,0,0,0,0,0,0,-0.62486077482657,-0.7902551819815796,0,True,False,False,True,False,False,False,False,False,True
0,0,1,0,1.0421577558197987,1,1,1,1,1,0,1,1,1,1.4842453569728156,1.7035349051246644,1,False,True,False,False,False,True,True,False,False,False
0,0,1,1,-0.9542963467194052,1,0,1,0,0,0,0,0,0,-0.5384356220656811,-0.8210500670455813,0,True,False,False,False,True,False,False,False,False,True
0,0,0,0,-0.0171852373642686,1,1,0,0,0,0,1,0,0,0.6399380953856697,0.2199538162318538,1,False,True,False,False,True,False,False,False,True,False
0,0,0,0,-1.076528230548336,1,0,0,0,0,0,0,0,1,-1.4575338812343652,-0.959053506128958,0,False,False,True,True,False,False,False,False,False,True
1,1,1,0,0.7162060656093164,1,1,1,0,1,0,1,1,1,1.3379874061466956,1.270619704994986,0,False,True,False,False,False,True,False,True,False,False
1,0,1,1,1.0014137945434884,1,0,0,0,0,0,0,0,0,-1.46418196990828,-0.5118438321300294,0,False,False,True,False,False,True,False,False,False,True
0,0,0,0,0.6347181430566958,1,1,0,0,0,0,0,0,0,-1.3212480634191175,-0.4905124181924294,0,False,False,True,False,True,False,False,True,False,False
0,0,0,0,0.960669833267178,1,0,0,1,0,0,0,0,1,0.3008855730160285,0.7983505829783595,1,False,True,False,True,False,False,False,False,True,False
0,0,0,0,1.4088534073065913,1,1,1,1,1,0,1,0,1,1.2681824750705932,2.030763647989564,1,False,True,False,True,False,False,False,True,False,False
1,0,0,0,1.490341329859212,0,0,1,1,0,1,1,1,1,-0.1578325454840742,0.8353441519270204,0,True,False,False,False,False,True,True,False,False,False
0,0,0,0,-0.3838808888510611,1,1,0,1,0,0,0,0,1,0.4770599228747639,-0.267514213957478,1,False,True,False,True,False,False,False,False,True,False
1,0,1,1,-1.1172721918246462,1,0,0,0,0,0,0,0,0,-1.485788258098502,-0.9698184802774056,0,False,False,True,False,True,False,False,False,False,True
1,1,1,0,-0.3023929662984406,1,1,1,0,0,0,0,1,1,0.8061403122335331,-0.0466998876747732,1,False,True,False,False,True,False,False,False,True,False
1,0,0,0,-0.9950403079957154,1,1,0,1,0,0,1,1,0,1.1983775439944904,-0.6457883465344834,1,False,True,False,True,False,False,False,False,True,False
1,0,0,0,-1.2802480369298874,1,1,0,0,0,0,0,0,1,0.3141817503638577,-0.974605364273744,1,False,True,False,True,False,False,False,False,False,True
0,0,0,0,-1.1580161531009563,1,1,0,0,0,0,0,0,0,0.3507462380703874,-0.8581980516070273,1,False,True,False,True,False,False,False,False,True,False
0,0,1,1,0.9199258719908678,1,1,1,1,0,1,1,0,1,0.3391120828910372,0.8517563256287518,0,True,False,False,False,True,False,False,True,False,False
0,1,1,0,-1.2802480369298874,1,0,1,0,0,0,0,0,1,-0.5068572008645872,-0.9855026946617216,1,True,False,False,True,False,False,False,False,True,False
0,0,0,0,0.3902543753988342,1,0,0,0,0,0,0,0,1,-1.4675060142452372,-0.5846618232448355,0,False,False,True,False,True,False,False,False,False,True
1,0,1,0,0.3087664528462136,1,0,0,1,1,0,0,0,1,0.5053142997389005,0.3906492464791636,0,False,True,False,True,False,False,False,False,True,False
1,0,1,0,-0.9135523854430948,1,0,0,0,0,0,0,0,0,-1.5024084797832884,-0.9237805682941884,0,False,False,True,False,True,False,True,False,False,False
1,1,0,0,-1.2802480369298874,1,1,0,0,1,0,1,0,1,0.7978302013911399,-0.9681860866565344,1,False,True,False,True,False,False,False,False,True,False
0,0,0,0,-0.7098325790615434,1,0,1,1,1,1,1,1,0,0.653234272733499,-0.4391802566280084,0,True,False,False,True,False,False,False,False,False,True
0,1,1,0,-0.2616490050221303,1,0,0,0,1,0,0,1,0,-0.1362262572938518,-0.3026106768062075,0,True,False,False,False,True,False,False,False,False,True
0,0,1,0,1.5310852911355222,1,1,0,1,1,1,1,1,1,1.4859073791412942,2.378551726728137,1,False,True,False,False,True,False,False,False,True,False
0,0,1,1,0.5532302205040753,1,0,0,0,0,0,0,0,1,-1.4907743246039378,-0.5983386346629451,0,False,False,True,False,False,True,False,False,False,True
0,0,0,0,-0.8320644628904743,1,0,0,1,0,0,0,0,1,-0.5118432673700231,-0.7375112205288376,0,True,False,False,True,False,False,False,False,True,False
1,0,1,1,-0.791320501614164,1,1,0,0,0,0,0,0,1,0.3191678168692938,-0.6117286742287394,1,False,True,False,True,False,False,False,True,False,False
0,0,0,0,-0.8320644628904743,1,0,1,0,0,0,1,0,1,0.6765025830921999,-0.575418945850984,0,False,True,False,False,True,False,False,True,False,False
0,0,1,1,1.3273654847539706,1,1,1,0,1,0,1,1,1,1.3130570736195162,1.959754525481669,0,False,True,False,False,False,True,False,True,False,False
1,0,0,0,-1.1987601143772668,1,0,0,0,1,0,0,0,1,-0.5201533782124163,-0.9327807925822346,1,True,False,False,True,False,False,False,False,True,False
0,0,0,0,-0.0171852373642686,1,0,0,0,0,0,0,0,0,-1.4924363467724169,-0.7419672139263508,0,False,False,True,True,False,False,True,False,False,False
1,1,1,0,0.4717422979514547,0,0,0,1,0,0,0,0,1,-1.145073713560382,-0.4074809372605511,1,True,False,False,True,False,False,False,False,True,False
1,0,0,0,-1.2802480369298874,1,0,0,0,1,0,0,0,1,-0.5035331565276299,-0.9854585759152116,1,True,False,False,True,False,False,False,False,False,True
0,0,0,0,-0.3431369275747509,1,1,1,0,0,1,0,0,1,0.6499102283965414,-0.1523201668197872,0,False,True,False,True,False,False,False,False,True,False
1,0,1,1,1.6125732136881423,1,1,0,1,1,1,1,1,1,1.577318598407619,2.5405116451664616,0,False,True,False,False,False,True,True,False,False,False
1,0,1,0,1.1643896396487294,0,0,1,0,1,1,1,1,1,-0.0880276144079715,0.6598177189368624,0,True,False,False,False,False,True,False,False,False,True
1,0,0,1,-1.2802480369298874,1,0,0,0,0,0,0,0,0,-1.4974224132778524,-0.9986500811217108,1,False,False,True,True,False,False,False,False,False,True
1,0,1,1,0.4717422979514547,0,0,0,0,1,1,1,1,1,-0.348965094859117,0.014911941826485,0,True,False,False,False,True,False,False,False,True,False
1,0,1,1,1.2051336009250395,1,1,0,0,0,0,0,0,1,-1.3478404181147754,-0.3788478707755411,0,False,False,True,False,False,True,True,False,False,False
0,0,1,1,-0.9135523854430948,1,0,0,0,0,0,0,0,1,-1.495760391109374,-0.920559899798956,0,False,False,True,True,False,False,True,False,False,False
0,0,0,0,1.0421577558197987,1,0,1,1,1,0,1,1,1,1.3845240268640977,1.704108448829295,1,False,True,False,False,True,False,False,False,True,False
0,0,0,0,-1.2802480369298874,1,1,0,0,0,0,0,0,0,0.3723525262606099,-0.9738332862098183,1,False,True,False,True,False,False,False,False,True,False
1,0,1,1,1.5718292524118322,1,1,1,1,1,1,1,1,1,1.635489374304371,2.599741062356178,0,False,True,False,False,False,True,True,False,False,False
1,0,0,0,-1.2802480369298874,1,0,0,0,0,1,0,0,0,-0.4503484471363135,-0.9847526759710512,1,True,False,False,True,False,False,False,False,False,True
1,0,0,0,-0.506112772679992,1,1,0,1,0,1,1,0,1,0.1296972896627295,-0.3825538454823837,0,True,False,False,False,True,False,False,False,True,False
0,1,0,0,-1.2802480369298874,1,0,0,0,0,0,1,0,0,0.453791612516063,-0.9727523769203228,1,False,True,False,True,False,False,False,False,True,False
1,0,0,0,-0.9542963467194052,1,0,0,0,0,0,0,0,1,-0.6780454842178864,-0.8537641175827692,0,True,False,False,True,False,False,False,False,False,True
1,0,1,0,1.5310852911355222,1,0,1,1,1,1,0,1,0,1.2033636104999266,2.118670250410801,0,False,True,False,False,False,True,False,True,False,False
0,0,1,1,0.8384379494382472,1,0,0,0,1,0,0,1,0,-0.1395503016308091,0.4472315388782782,0,True,False,False,False,True,False,False,True,False,False
1,0,0,1,-0.9950403079957154,1,0,0,0,0,0,0,0,0,-1.5073945462887242,-0.9371264891134728,0,False,False,True,True,False,False,True,False,False,False
0,0,0,0,-1.076528230548336,0,0,1,1,1,1,1,1,1,-0.0464770601960057,-0.853477345730454,0,True,False,False,False,False,True,False,False,False,True
1,0,0,0,-0.2616490050221303,1,1,0,0,0,0,0,0,1,-0.4403763141254418,-0.435849291266501,0,True,False,False,False,True,False,False,True,False,False
0,0,0,0,0.5939741817803856,1,0,1,0,0,0,0,0,0,0.354070282407345,0.5566901489696651,0,False,True,False,True,False,False,False,True,False,False
0,0,1,1,0.9199258719908678,1,1,1,1,0,0,0,0,1,0.6748405609237209,1.0225179339958268,0,False,True,False,True,False,False,False,False,True,False
1,1,0,0,1.368109446030281,1,1,0,1,1,1,1,1,0,1.532443999858696,2.2715637664413126,1,False,True,False,False,True,False,False,True,False,False
1,0,0,1,-0.0579291986405789,1,1,0,1,0,1,1,1,1,0.4870320558856357,0.1342972698826287,1,True,False,False,False,True,False,False,False,False,True
1,0,1,0,-0.0171852373642686,1,1,0,0,0,1,0,0,1,0.480383967211721,0.1481726156600336,0,False,True,False,False,True,False,False,False,True,False
1,0,1,1,1.3273654847539706,1,0,1,0,0,1,1,1,1,0.3324639942171226,1.1192262263458144,1,True,False,False,False,False,True,True,False,False,False
0,1,0,0,-1.2802480369298874,1,0,0,0,0,0,0,0,0,-0.6547771738591854,-0.987465978881418,1,True,False,False,True,False,False,False,False,False,True
1,0,0,0,-1.1172721918246462,1,0,0,0,0,0,0,0,0,-1.4808021915930665,-0.958921149889428,0,False,False,True,True,False,False,False,False,False,True
1,0,1,1,-0.6283446565089229,1,1,0,1,1,1,0,0,1,0.0632164029235842,-0.5321825742711537,0,True,False,False,True,False,False,False,False,False,True
1,0,0,1,-0.4653688114036817,1,1,0,0,0,0,0,0,0,-1.3328822185984677,-0.8012628092358323,0,False,False,True,True,False,False,False,False,False,True
1,0,0,0,1.4088534073065913,1,0,0,0,0,0,0,0,0,-1.4907743246039378,-0.428635876212111,0,False,False,True,False,False,True,True,False,False,False
1,0,0,0,0.3087664528462136,1,0,1,0,1,0,0,1,0,0.0881467354507637,0.1975194336315031,0,True,False,False,True,False,False,False,False,True,False
0,0,0,1,1.6125732136881423,1,0,0,0,0,0,0,0,1,-1.4974224132778524,-0.316022775745257,0,False,False,True,False,False,True,False,False,False,True
1,0,0,0,-1.2395040756535771,1,0,1,0,0,0,0,0,1,-0.5650279767613393,-0.9665757524089184,1,True,False,False,True,False,False,False,False,True,False
1,1,0,0,-1.1987601143772668,1,1,0,1,1,0,1,1,1,1.3363253839782172,-0.8774558844586557,1,False,True,False,True,False,False,False,False,True,False
1,0,0,0,-0.6283446565089229,1,0,1,1,0,0,0,0,0,-0.2891322967938861,-0.5895810634807038,0,True,False,False,False,True,False,False,False,False,True
1,0,0,0,1.368109446030281,1,1,1,1,1,1,1,1,1,1.6454615073152428,2.2502323525037125,0,False,True,False,False,True,False,True,False,False,False
1,0,1,1,1.1643896396487294,1,0,0,1,0,1,1,1,1,1.1186004799075162,1.7038216769769796,0,False,True,False,False,True,False,True,False,False,False
1,1,0,0,-0.791320501614164,1,0,0,1,0,0,1,0,1,-0.16281861198951,-0.659553395445613,0,True,False,False,True,False,False,False,False,True,False
0,0,1,0,0.1865345690172827,1,0,0,0,0,0,0,0,1,-1.494098368940895,-0.6908115273479699,0,False,False,True,False,True,False,True,False,False,False
0,0,0,0,-0.5468567339563023,1,0,1,0,1,1,1,1,1,1.3895100933695332,-0.1539084416941483,1,False,True,False,True,False,False,False,False,True,False
0,0,0,1,0.6347181430566958,1,0,0,0,0,0,0,0,0,-1.4907743246039378,-0.594103234997982,0,False,False,True,False,True,False,False,False,False,True
0,0,1,0,-1.2802480369298874,1,0,0,0,0,0,1,0,1,-0.3157246514895444,-0.9829658667373948,0,True,False,False,True,False,False,False,False,False,True
1,1,1,0,-1.0357842692720256,0,0,1,0,0,0,0,0,0,-1.1633559574136474,-0.9101037568760788,0,True,False,False,True,False,False,True,False,False,False
0,0,0,0,1.2051336009250395,1,1,1,1,1,0,0,0,1,0.9058616423422512,1.5320232780669192,0,False,True,False,False,True,False,False,False,True,False
1,0,1,1,-0.22090504374582,1,1,1,1,0,1,1,0,0,1.1950534996575333,0.2251157095735275,0,False,True,False,True,False,False,False,False,True,False
1,0,1,1,0.2680224915699033,1,1,0,0,0,0,0,0,1,-1.3627986176310831,-0.6086183025997822,0,False,False,True,False,False,True,False,False,False,True
1,0,0,0,-1.2395040756535771,1,1,0,0,0,0,0,1,0,-0.0913516587449288,-0.9551710564360752,1,True,False,False,True,False,False,True,False,False,False
0,0,0,0,-1.2395040756535771,1,0,0,0,0,0,0,0,0,-1.4675060142452372,-0.99028957865806,1,False,False,True,True,False,False,False,False,False,True
1,0,1,0,0.3902543753988342,1,1,0,0,1,1,1,1,1,1.4460188470978068,1.015988359512342,0,False,True,False,False,True,False,False,False,True,False
1,0,0,0,-0.4246248501273714,1,1,0,1,0,0,0,0,1,0.4837080115486781,-0.2439548033211215,1,False,True,False,True,False,False,False,False,True,False
1,0,0,0,0.3087664528462136,1,1,0,0,0,0,1,0,1,0.6681924722498068,0.4790190957387557,0,False,True,False,True,False,False,False,False,True,False
1,0,1,1,0.6754621043330061,1,1,0,0,0,1,1,1,1,1.10198025822273,1.1623523010593697,0,False,True,False,False,True,False,False,False,True,False
0,0,1,0,-0.8728084241667845,1,0,0,0,0,0,0,0,1,-0.6896796393972369,-0.7939611566884223,1,True,False,False,True,False,False,False,False,True,False
0,0,0,0,-0.9542963467194052,1,1,0,0,0,0,0,1,1,0.6150077628584902,-0.6529576428423634,1,False,True,False,True,False,False,False,False,True,False
0,0,1,1,1.5718292524118322,1,1,1,1,1,1,1,1,0,0.8726211989726784,1.7693600749176306,0,True,False,False,False,False,True,False,False,False,True
0,0,0,0,1.1236456783724194,1,0,1,0,1,1,1,1,1,1.3346633618097383,1.744212389406913,0,False,True,False,True,False,False,True,False,False,False
0,0,0,0,-0.506112772679992,1,0,0,0,0,0,0,0,1,-0.6797075063863649,-0.59831657528969,0,True,False,False,True,False,False,False,False,True,False
0,0,1,1,1.6125732136881423,1,1,1,1,1,1,1,1,1,1.6886740836956873,2.6193739045531417,0,False,True,False,False,False,True,True,False,False,False
1,0,1,0,0.797693988161937,1,1,1,0,1,1,0,0,1,0.8909034428259432,1.03436381743377,0,False,True,False,False,False,True,False,True,False,False
1,0,1,1,1.6125732136881423,1,1,1,1,1,1,1,1,1,0.8576629994563706,1.8346999384989868,0,True,False,False,False,False,True,False,True,False,False
0,0,0,0,-0.5876006952326126,1,0,0,0,0,0,0,0,1,-1.504070501951767,-0.8356313127671464,0,False,False,True,True,False,False,False,False,False,True
0,0,1,0,-1.1172721918246462,1,0,0,0,0,0,0,0,1,0.1380074005051227,-0.8522861395746831,0,False,True,False,True,False,False,False,False,True,False
1,0,1,1,1.5310852911355222,1,1,1,1,1,1,1,1,0,1.6604197068315507,2.4525609239987145,0,False,True,False,False,False,True,False,True,False,False
1,0,0,0,0.7162060656093164,0,0,1,1,0,0,0,0,1,-0.9905056518918692,-0.2209909957626503,0,True,False,False,True,False,False,False,False,False,True
1,0,0,0,1.2051336009250395,1,1,1,1,1,1,0,0,0,0.1529656000214305,0.8621683498051194,0,True,False,False,False,False,True,True,False,False,False
1,0,1,0,1.1643896396487294,1,1,1,0,1,0,0,1,1,0.1695858217062168,0.8574035251820359,0,True,False,False,False,False,True,False,False,False,True
1,0,0,0,-1.2802480369298874,1,0,0,0,0,0,0,0,0,-1.4891123024354591,-0.9985397842554355,1,False,False,True,True,False,False,False,False,False,True
0,0,0,0,-0.8728084241667845,1,0,0,0,0,0,0,0,0,-1.487450280266981,-0.9024932731030983,0,False,False,True,False,True,False,False,True,False,False
0,0,1,0,0.1865345690172827,1,1,0,1,0,1,0,1,0,0.2427147971192763,0.1654892236652207,0,True,False,False,False,True,False,False,False,False,True
1,0,1,0,0.6347181430566958,1,0,0,0,0,0,0,0,0,-1.5140426349626388,-0.6301041321501674,0,False,False,True,False,False,True,False,False,False,True
1,1,0,0,-0.8320644628904743,0,0,0,0,1,1,0,1,1,-0.7029758167450658,-0.7748797988228339,1,True,False,False,True,False,False,False,False,True,False
0,0,1,1,1.5310852911355222,1,1,1,1,0,0,1,0,1,0.1463175113475158,1.142256212024051,0,True,False,False,False,False,True,False,True,False,False
1,1,0,0,-0.9542963467194052,1,1,1,0,0,0,0,0,0,-0.3406549840167238,-0.7893948664246341,1,True,False,False,True,False,False,False,False,True,False
0,0,0,0,-1.2802480369298874,1,0,0,0,0,0,0,0,0,-0.6930036837341939,-0.9879733444662834,1,True,False,False,True,False,False,False,False,False,True
0,0,1,1,-1.2802480369298874,1,0,0,0,0,0,1,0,1,0.5069763219073791,-0.972046476976162,1,False,True,False,True,False,False,False,False,False,True
0,0,0,0,0.227278530293593,1,1,0,0,1,1,1,1,1,1.2914507854292945,0.7523126709951422,0,False,True,False,True,False,False,False,False,True,False
1,0,0,0,-0.9135523854430948,1,1,0,0,0,0,0,0,0,0.3407741050595158,-0.6604578297490686,0,False,True,False,True,False,False,False,False,True,False
0,0,1,0,1.5310852911355222,1,1,0,1,1,1,1,1,1,1.5191478225108668,2.412743755273412,0,False,True,False,False,False,True,False,False,True,False
1,0,1,0,-0.1394171211931994,0,0,0,0,0,0,1,1,1,-0.6281848191635273,-0.4195253550577896,0,True,False,False,True,False,False,False,False,True,False
1,1,0,0,0.3902543753988342,1,1,0,1,0,0,0,0,1,0.4837080115486781,0.4680114684845028,0,False,True,False,True,False,False,True,False,False,False
0,0,0,1,-0.3431369275747509,1,0,0,0,0,0,0,0,0,-1.4974224132778524,-0.7876080571909778,0,False,False,True,False,False,True,False,False,False,True
1,1,0,0,-0.5876006952326126,1,1,0,1,0,0,0,0,1,0.5235965435921655,-0.3845612484485901,0,False,True,False,True,False,False,False,True,False,False
1,0,1,1,1.6125732136881423,1,1,0,1,1,0,1,1,1,1.3180431401249524,2.2834537686257663,0,False,True,False,False,True,False,False,True,False,False
1,1,1,0,-0.0986731599168891,1,1,1,1,1,1,1,0,1,1.359593694336918,0.3964067428987227,0,False,True,False,True,False,False,True,False,False,False
0,0,1,1,0.8791819107145575,1,0,1,0,1,1,0,1,0,0.1712478438746953,0.7008481531911911,0,True,False,False,False,False,True,True,False,False,False
1,0,1,0,1.082901717096109,1,0,1,1,1,0,1,0,0,0.0532442699127125,0.7389446908026028,0,True,False,False,False,True,False,False,True,False,False
1,1,1,0,1.5310852911355222,1,1,0,1,1,0,1,1,1,1.2681824750705932,2.1257292498524056,1,False,True,False,True,False,False,False,False,True,False
0,0,1,0,1.5718292524118322,1,1,1,1,1,1,1,1,0,0.7695758245270033,1.800949097418813,0,True,False,False,False,False,True,True,False,False,False
0,0,1,1,0.960669833267178,1,0,0,0,0,0,0,0,1,-1.495760391109374,-0.5132776913916053,0,False,False,True,False,False,True,False,True,False,False
1,0,0,0,-0.5468567339563023,1,1,0,0,0,0,0,1,1,0.7047569599563366,-0.3312658026644727,1,False,True,False,True,False,False,True,False,False,False
0,1,0,0,1.082901717096109,1,1,1,1,1,0,0,0,1,0.829408622592234,1.4177998433524488,0,False,True,False,True,False,False,False,False,True,False
1,0,1,1,1.0014137945434884,1,0,0,0,0,0,0,0,0,-1.509056568457203,-0.5389989206069534,0,False,False,True,False,True,False,False,False,False,True
0,0,1,1,-0.1394171211931994,1,0,0,0,0,0,0,0,0,-1.4824642137615447,-0.7608279780593891,0,False,False,True,False,False,True,False,False,False,True
0,0,1,0,1.5718292524118322,1,1,0,0,0,0,0,0,1,-1.3411923294408608,-0.2654626922447616,0,False,False,True,False,False,True,False,True,False,False
0,1,0,1,-0.0986731599168891,1,1,0,0,0,1,1,1,1,1.213335743510798,0.3049485813834285,0,False,True,False,True,False,False,False,False,True,False
1,0,0,0,-0.1394171211931994,1,0,1,1,0,1,0,0,1,-0.2010451218645185,-0.259021355254297,0,True,False,False,False,True,False,False,False,True,False
1,0,0,0,-0.4653688114036817,1,0,0,0,1,0,0,1,0,-0.1046478360927578,-0.3925246821936507,0,True,False,False,True,False,False,False,False,False,True
0,0,1,1,-0.3838808888510611,1,1,0,0,0,0,0,0,0,-1.3195860412506386,-0.7375994580218577,0,False,False,True,False,False,True,False,False,False,True
1,0,1,1,-0.9950403079957154,1,0,1,0,0,0,0,0,1,-0.448686424967835,-0.8257707729221546,0,True,False,False,True,False,False,False,True,False,False
1,0,1,1,-1.2802480369298874,1,0,0,0,0,0,0,0,0,-1.5290008344789463,-0.999069209213556,0,False,False,True,False,True,False,False,False,False,True
